feature1,feature2,feature3,feature4,feature5,target
-0.038769050918666614,-0.6492390080230142,-0.2247456205149846,-1.3462749832381498,0.1268793967486328,0
1.0052841970939037,-1.3732388152011412,1.157346311723567,0.12649323990899375,1.4227991502650217,0
-0.7424547815870448,-0.5732572418181131,1.6884421557461313,-2.588236607468902,0.7625617821222722,0
-1.5871580260903222,1.7585822233655573,-0.930664217960387,0.7646140950814801,2.4153987156626373,1
0.1958063736831209,-0.058896622598757054,-0.5493598549354416,0.7773750084662924,1.1472611137830564,1
1.2486105574331314,-1.5990824317543084,-1.5534277984667928,-1.0627796137886645,-1.9731744856680598,0
2.04218965527404,-1.9156504734400375,0.2349778748162469,1.7004776614471435,2.0743372384860663,1
-0.5406472265480423,0.958519165617669,-0.4873894162901053,1.0597617118474119,1.0234340632913086,1
-0.19674878095729617,0.1677720738171402,0.16984469724903012,0.5252856112634569,1.6855844799494717,1
1.7565315688212126,-1.9960371460381552,1.0544121122194114,0.029168284899363517,-0.12890180227655035,0
1.0762867513600523,-0.36624893253218427,-0.44309487395607067,1.1434247155938617,-1.6340301424903396,1
0.7590117111689207,-0.4468525589868122,2.569907035475335,0.9926051298558801,0.3218438113679798,1
-0.2720571820315808,-0.2840265056259248,0.6198091075303009,-2.063973001758184,-2.242659131337946,0
-0.6480793047723832,-0.4805679826923097,0.01424416401371203,-2.407374161936458,0.17534959484628654,0
0.35727235119948497,-1.2782191298956973,-0.21645222277144752,-0.9796337105738849,1.9748965069476534,0
-0.5473198104547576,1.2823083232044619,-1.1874654017384385,1.3516792112735738,0.12823372722273618,1
0.0030209236374082763,-0.8746890102984259,-0.4652168666180802,-1.4514779587544766,0.7803861650614762,0
0.6890039601637835,-0.41080139454019615,-0.9788142460811394,1.0609005106749003,0.7361693778469005,1
0.19112697873161708,0.4726074974153054,0.3770920937424761,1.177459397119478,-0.566647337129476,1
0.18147962900163597,-0.7672104130886643,0.5863329755781368,-0.9820865310827187,0.35761104607949024,0
-2.4244371895567682,1.5185221714326418,0.8266415353898965,-2.4793426552083795,0.2970143083880592,0
0.8350203922027744,-0.7246619929725109,-0.7922983922041061,0.7513517099708288,0.6871193520493744,1
-0.792883433902488,0.6353525177015421,-0.14655853569167893,0.33750534806623456,2.3652240887242684,1
-0.8141018989442271,1.4642882506472605,0.3562167098144623,1.4293596127454358,0.9971417715262644,1
-0.10691627166130814,0.33115254988986775,0.23882938618641383,0.25020719150897386,-0.43382096152044225,1
0.3019139885923663,-1.0392961846155329,1.2613181018500463,-1.0551862816147417,0.8616968771277991,0
1.440205784231578,-1.7591051253212444,1.5991566845286143,0.018634204484507588,0.5227537304080639,1
-0.4708047471209392,0.7967666583531742,-2.899893780274999,1.009950948949406,1.317191801129646,1
0.18398133986969842,-0.08996894809212175,-1.2352804947662746,0.5967691716181407,0.9108561569848841,1
0.6577030252683818,-1.2087117788831845,-0.3125161606756704,-0.361007445839303,1.399681426055734,0
0.6570989161682053,-0.4239093870436864,0.8039193308807204,0.9150076405899892,0.6180915580639812,1
2.1298417003686856,-1.9859704713407185,0.2829461845074849,1.9089065074025202,2.4542737974277506,1
0.8594836651006316,-1.3282837467906106,-0.28616863668797066,-0.01952154472253964,1.6917407901341464,0
0.33445909216138575,-0.7640468124044304,1.0728867429928937,-0.7566377061529034,4.959801345227888e-05,0
0.21728094220772962,-0.6334580981039009,-0.3341364484598427,-0.7234755705633834,0.11367659104023775,0
2.028700888239221,-2.224786655694567,-1.847408384527915,-0.16927020283311078,-1.1003618934980768,0
-0.014635353018585429,0.5678095121187511,-0.5124052146241178,1.0529199763239838,-0.1409185397828907,1
0.9581887014721209,-0.3457139272748193,-0.7206260575907678,1.063074839968508,-1.2340477296903862,1
0.9303735467448772,-1.3162628355417332,0.10940759902005842,-0.9323775348457709,-1.1828218081855488,0
0.3274781852051358,0.3257432007971961,0.1310207620786982,1.7220666037493846,0.795622880199784,1
0.8061629652599702,-1.4251742486180896,0.9344277832313074,-0.284233834991259,1.8329426155722395,0
-0.13970138368831106,-0.3952834642639893,-0.2855036969711149,-1.1439811499636525,-0.06362707448092153,0
0.7818481229691353,-0.2898291301776861,-0.2781192303112381,0.8748751132302953,-0.9469608846584707,1
-2.264362477677068,1.4404292116790498,1.3369204375647132,-3.121886148340178,-1.9417561183352565,0
0.5181137350843869,-0.08336217167099613,-0.5974233651432281,1.1871893121147394,0.38709670280672326,1
-0.40485596045646766,1.0160388481210387,0.14280939244258323,1.184473617451607,0.2225895379046824,1
1.1159212127353555,-1.1539954839369004,-0.5790453361681495,0.6835814291892484,1.054825764741193,1
0.22164799241407596,-0.715217178242739,-1.1378071596536348,-0.9643676111726209,-0.11263345613506925,0
-1.8732523809776198,2.5091129739259914,-1.645592614041814,1.1522233479894401,1.2299242850555405,1
-1.1739479925111451,1.406922368791622,0.3144794724834049,0.7507714347522623,1.7131393613289925,1
0.40768057799271384,-0.8658228402233719,-0.7492156170889224,-0.5828209732140459,0.5422181872879417,0
0.1784041110081849,-0.910081380923468,0.024857503751269192,-1.110198519590306,0.7909875708110132,0
-1.8071208584773553,2.4346613491523965,-0.8908896119420586,1.3816085355991619,1.8168702469218192,1
0.5189227812023571,-0.5565164625314425,0.18676205484824018,0.3012444155304599,0.5513738098093703,1
1.1442566769755835,-0.7960297397884463,0.1848678838526347,1.5429863464255558,1.248093761241328,1
-1.1502486022369325,1.6236138279751597,-0.639230561280132,1.051730779219121,1.2184314202783129,1
-0.17919248169000804,0.6429071245439106,0.5767938239138171,0.8810394475353831,0.016470554597632914,1
0.41757275391647247,-0.1314004253879444,0.5963970691176537,0.8548539400213367,0.3826181488670244,1
1.141823192541778,-0.8171517729595326,-1.001062213384433,1.5731037764077729,1.4521402794781846,1
0.30378685795169313,0.8504722784196119,1.7701676156472728,2.8608595152263874,1.1594936860986278,1
0.056144877871511095,0.38347511823597746,1.0357246425830327,1.18205047095149,0.7322489868370581,1
0.4954475048887165,-0.4937216645486353,1.5080475914191533,0.45265019671820916,0.7597162510815005,1
-0.07089187466010784,-0.7586072288867346,0.6731320206897123,-1.506132185405677,0.47824954832451594,0
-0.7141325865812039,0.9581730689944722,0.6301487764278614,0.905439069727798,1.6762797278748827,1
1.089706047770382,-1.3592851712569372,-1.3257937713542476,-0.1882928291141982,0.015903399059508327,0
2.159246917290466,-2.3352845786088654,-0.09530972104935061,0.00936893421435081,-0.8480250051668736,0
0.47102493018499897,-0.25413778519800123,-0.2960461003212362,0.8557127806635668,0.7035781702957762,1
-0.8284034559345829,0.16557418587760497,1.1512196407856137,-1.7655766164326174,-0.44229043465629103,0
0.8517844779353783,-0.575007014191558,-2.21004278929018,1.2880365195944448,1.2007559000356962,1
0.5655947657961409,-1.0023469973403922,-0.6872265309140099,-1.1188746007973704,-1.0994008681374392,0
-0.7618147651914899,1.6271274374745703,-0.8259841780265164,1.6264342058575612,0.34012299493349296,1
1.3774643041883017,-1.4398958387824432,-0.8177154757301307,0.6529525458954286,0.8851607541971662,1
-0.02418371767785856,-0.2294736242562514,-2.2332788193557644,0.08371232645551119,1.5680053849712987,1
0.40922761217157044,-0.3353249794389467,-1.396934091467959,0.34590959541302035,0.17466575093972037,1
1.3310461530638695,-1.5902501752325289,-1.47423727889541,-0.3466847273446704,-0.6522659379038362,0
1.044995649401822,-1.3174527191673207,-0.2621451438679057,-0.5033803371980301,-0.7536986814107687,0
0.8527672415376714,-1.3035727687056236,1.5587980694978887,-1.124638443132016,-1.2795254334448694,0
0.3545972737004238,-0.21277711075987105,-0.8160378953942717,0.6274652904511273,0.5984897122449937,1
-0.8275048883100052,0.6571936643762386,0.5886526793824348,0.455996728190433,2.7700629827211767,1
0.4625180244044484,-1.0220270171360228,-0.7730834555704812,-0.7986336919896266,0.46502715229157054,0
-1.3583148432798593,1.2373197305899302,0.19332032475446598,0.45502295550441085,2.9503395975271296,1
-1.087448938828088,0.9468108288501116,-1.4019080677162379,0.45530207086671437,2.8288327204827,1
2.48666849835367,-2.6528583448239673,1.150607550593069,0.545814819693577,0.22738256650587774,0
-0.6234846887169174,0.35362577938921225,-0.8047245724183811,0.17263624469183336,2.383120844788815,1
-0.0630926377968468,-0.34128275118785867,0.21482650611660128,-1.1866524449134177,-0.9232113607303134,0
-0.8666917743243997,0.25485711094757546,-0.7286780669457907,-1.9224715737788562,-1.0869839374255472,0
0.8114429841374682,-1.1536982045875885,-0.5253888696369459,-0.5239433789444213,-0.24731408145544975,0
1.3217567217669843,-1.246459989918217,-1.27040874397943,0.9282797692396834,0.9277203755538391,1
2.315941738490399,-2.9197383382114053,1.068959535275138,0.00162712929790354,1.2436121042773762,1
0.5500941274604679,0.37855038847272926,0.12652320501805506,2.542134368418097,1.3059328186659604,1
0.7502215019080408,-1.3870241937495145,-1.5763517088994359,-0.37257361710415837,1.7422843800285803,0
0.5618753704089022,-0.24118474410141544,1.013455821741101,1.0022048125280052,0.4660615691064013,1
0.6482308420866302,-1.0394259051725419,0.6795756851606412,-0.5542872234419571,0.06574958187901658,0
-0.5433933885535234,0.2103904198119656,-0.13415564209226424,0.0048059935667563725,2.209744542821452,1
-0.2794846312864485,0.8683227850841442,1.6739015887420603,1.1417330898877998,0.12399562839622891,1
0.32396610347375354,-0.7689024295053616,0.07272462740328739,-1.7505699984973364,-2.503299875061124,0
0.8638925831419674,-1.225791972111678,-0.8067463802094889,-0.42307835583878706,0.07513652871663923,0
1.8120626902404284,-2.0287626793646827,-0.1358547163882445,0.698516604736784,1.4512892091572558,1
1.3112334736191527,-1.5973183590197713,1.0043766347631322,-0.23337307274828967,-0.19934112736378995,0
1.96218065077265,-2.1008510295174156,-2.627065356808166,0.8428531158989375,1.293970199260744,1
0.7833151045639805,-0.7479833032777783,0.21741657568671346,0.5336666409762476,0.5555604810984962,1
0.9126640647866898,-1.2872901768447786,-0.28839220030029905,-1.3764138065939198,-2.3853364251347746,0
0.004954285840069249,-0.9050897987477189,-0.7242465320583404,-1.3796976890147699,1.1152192466402095,0
-2.360857943424396,2.535690613531874,-1.2744928824990227,0.9074529603730073,3.413349655553915,1
0.3841307388950039,-0.9249364078004138,0.4874139269048432,-0.5819821581326547,0.9972664579391463,0
-0.610707888428537,1.315395465367303,0.7903785250428523,1.266801174650077,0.11836479664676236,1
-1.161938155966558,1.8106703249826797,-0.10172002555304499,1.2743705669100573,0.8896842045227318,1
0.614720331590709,-1.7301135901561566,0.6356615967509606,-0.8728491098757536,3.0585834606396993,0
-0.9926720576247429,1.307679213899073,1.32596997047509,1.0118597303130619,1.813462896603939,1
0.5270719268415137,-0.9156920414941447,-0.47434544190347283,-0.38798831466962114,0.5867484292240519,0
0.09647837145492895,-0.6083457982078813,0.785812009296809,-1.5858115203135439,-1.5336018998738257,0
-0.40274222536935045,-0.6989274588260899,0.677359521686422,-2.0856485267311955,0.6691494759718422,0
0.6813571849830878,-1.1732178541427336,1.4182403547575644,-0.3221777537961156,1.171271645400016,0
0.7802153977796387,-0.8410239593332297,0.02194380821533224,0.5794538156389968,1.1814875038663102,1
0.5545727741440731,-1.1886494152204938,1.4644543122672997,-0.5109787499204217,1.5296462291775592,0
-0.10756269992575533,-0.42041897485975144,-1.0637896161020317,-0.762740356256646,0.8673554235358001,0
0.2830457744163071,-0.9210195274941169,-0.33849396429229733,-0.8933162680997521,0.7785465649014269,0
-0.0040321506120435235,-0.4596303112428177,0.7641052963280948,-1.4911312979064306,-1.4557467556668953,0
-0.36012599224872943,0.9288428963907722,1.142699916235183,0.9566617014556312,-0.18622544830535048,1
1.4334994615176737,-1.7077458538316366,0.40191895517392295,-0.4112868687107194,-0.8271043149132075,0
0.8805932915072779,-1.3501737500153799,1.0877398432337475,-0.044606481931012354,1.6128506204177788,0
-1.2848141265000246,0.5886378352175392,0.9200114600053961,-1.7527659337100836,0.14536630692095764,0
0.2637637093460002,-0.6997757852907718,-0.038140085441648916,-1.7504171037397511,-2.4996262609305053,0
0.6586776864138378,-1.0947150202803129,-0.38479553417306533,-1.278026464333393,-1.5956595236269993,0
1.8216149688543413,-2.1044634921804173,-0.33869133992187517,0.37603130663088746,0.9489115468865147,1
-0.9497635417934942,0.35104878856824784,0.31470630755446866,-1.6569160280230006,-0.39402571386132923,0
-0.019862434802020264,1.439880384137287,-1.1221532378809973,2.00119546283815,-2.2067119994724673,1
2.2249294377315962,-2.392249954939925,2.1205681204305016,0.140264671411789,-0.6069016453769309,0
0.8567459057901385,-0.41314293035228555,-0.5655112882176463,1.0560589740978092,-0.28286570739831474,1
1.1612194150088389,-0.9937041193000448,0.5736870300025537,1.0274573547294765,0.8365137344472192,1
0.7175341027253845,-1.1047075749800417,-0.3674105867948155,-0.6758940542799273,-0.33014051033946623,0
-0.5342514710219315,1.3650045716736188,0.38124426647807275,1.4468315230802735,-0.13639195736461818,1
-1.2828487418802006,2.077689786789655,1.5055451919058283,1.371631352456885,0.4780660094545278,1
2.1264298806560156,-2.277010422976125,1.180490877972961,0.9742244976252336,1.5625055995871477,1
-0.06234743227240325,-0.7294985062457252,1.8276809829496963,-1.4061667944082563,0.5345309632651778,0
0.16722833595712827,0.09268916213705714,-0.8974915631672096,0.5753410114383846,-0.0007016223014411072,1
-0.698413204538627,0.09733470970492064,1.6512365786872862,-1.6438275210635585,-0.5564657109894291,0
2.597468731976586,-3.020464210729505,-0.08804446917604382,0.5068598481504472,1.3797068552030947,1
1.2040062381148315,-1.54491483364391,-0.6240987123257102,0.030444025913062722,0.865292518420471,0
0.6771312021301837,-0.5852853267738185,-0.18138540310928583,0.5599007070947826,0.41604856394706513,1
0.5790146389133185,-0.20833214066034267,-0.5777505081541768,0.8624067628503255,-0.17486305318351092,1
-0.25818170247848166,-0.2707759639154479,-1.368268938725629,-1.3815330797708676,-0.6163343604072021,0
-0.00652094460887823,0.4809474196812301,0.847932173353264,1.0327586713025516,0.21250456743557966,1
-0.6715793692246423,0.022306863932552323,1.4961022334255598,-2.1157742509649147,-1.5571675818839803,0
0.2863332999548612,-1.1837984976170475,-1.5888184753202212,-1.058548273598618,1.7049583855926547,0
2.0597616687124867,-2.0339295430142927,-0.3234378675446039,1.1531330867408993,1.159919390108012,1
0.3523137536902895,-1.1951910622598199,-0.610022977498356,-0.9317973074287432,1.6945909092316591,0
-0.19051674028461094,0.0481393338008671,-0.575881712458321,0.3334843136796535,1.7745096620960092,1
0.5761397779949144,-0.3376720594210679,0.21294997367162288,0.8706053201391685,0.5419173132204528,1
0.8627203828711364,-0.4067591476980581,-0.13592728985576719,0.769020317860301,-1.101306011108612,1
-0.6118530169192306,0.06046672515827689,-0.43874592004829344,-2.224923505982331,-2.404594538103545,0
0.8242668532266361,-0.16463243968823327,-0.3990988538209255,1.9423644398453623,0.9235999158134564,1
0.4207910919668702,-0.8268671791675786,0.8455260998852114,-1.117464723156721,-1.1361251853044014,0
0.20586877429399875,0.02339180732249746,0.3984491228578794,0.5250418809847943,-0.003335804415672383,1
-0.5352976088911303,-0.029472092873570666,-1.8348080296345557,-1.5170901433058943,-0.5518152361801846,0
0.8109042536384706,-1.0963917366895144,-0.7005368280095384,-1.2958900308955916,-2.5579219557964605,0
0.0032087905776471484,-0.9896168333564921,0.7143189358736531,-1.4875245046396968,1.2876189951911479,0
0.9846454991984795,-1.2937936816295474,0.09913833941812458,0.08076137965980679,1.0124384491999554,0
0.6229387422860033,-1.007523201025104,0.03390078412545998,-0.9153108505757186,-0.8895484206360109,0
0.10307838506031836,0.47764180507635756,0.7661960091741071,1.3281304687225066,0.33467833015702664,1
0.7188413967780591,-0.3927041454389403,2.1640073739123564,1.0457085563666477,0.4204867401516059,1
0.2776638048945031,0.5007946245528767,-0.8403915362054409,2.027398999754971,0.9770198795047214,1
0.09320517676270057,-0.9313081509064571,1.4294578020440076,-1.2924543955584673,0.9442653931410677,0
0.6805545801759814,-0.30458066998230215,-0.5214010918187526,1.4167267344724976,1.158843518470887,1
-1.3173519383836279,0.5926631115585765,1.1384155206557094,-2.3952894570372063,-1.3540595101411097,0
1.7338117941633262,-1.8489013644638246,0.5987390159931402,0.9690456036416193,1.689387746610662,1
-0.3960104506220592,-1.0619853310059306,0.9729965453330005,-2.33894777813106,1.8705477473033214,0
-0.03292279425948606,0.3232838968030344,-0.3279419202673591,0.8744598252972062,0.7863370347688357,1
-0.8625939568735331,-0.5214424103148299,0.5251903903377283,-2.8167399234553248,0.6245501142436227,0
-0.4609353206361721,0.6336899089575234,-0.10611951556933184,0.6383946915815051,1.1428760496384047,1
-0.5052443959388633,-0.019313728819884912,0.023895096986299567,-2.3785040539484936,-3.0344393745722265,0
-0.32433583381622727,0.3879561077669015,1.2526157196195573,0.6048003252089948,1.5137123544409476,1
1.823092113403173,-2.113014923973168,0.326624217565134,0.464292136278866,1.2149785611002932,1
0.44132727211921274,-0.8198904350917993,-1.0225853502720914,-0.9312411647043898,-0.8116718416042794,0
-1.0580729606760415,1.8572253573984383,0.07698314140715402,1.2876075086264458,0.04942913430094986,1
-1.4673878355939476,2.0111865024644753,2.484969953586654,1.297371960686538,1.7536366322320678,1
0.7783247968335627,-0.4871554837755008,-0.34829345358145714,1.1684431756392022,0.8744528534823922,1
0.3985671360228488,-0.5264128426264059,-0.02974165415538386,0.29977007406371226,1.120647333205282,1
3.3203157017062397,-3.31939281629657,0.4508913752125149,0.9685874423271972,-0.23888423187833463,0
0.1032030380074101,-0.6460385294916279,0.9179676706663622,-1.1039623943425363,-0.12004208191737664,0
0.3028654418105911,-0.7129697191978239,-0.5013692716678184,-1.9478412513375547,-3.1828821815644135,0
1.1185278696537095,-1.588980358724024,-0.9976745727406487,0.31853070182105947,2.3667948674982426,0
1.0469172270618983,-0.34315507713514737,-0.927784109060761,2.591342121708567,2.199956354415474,1
-0.19991760814570422,-0.3599889169478626,0.021060198364359507,-1.1611747760856255,0.07221612564121727,0
0.6366700252175344,0.2142879231785222,0.13164456691928453,2.302850554285671,1.017014180977279,1
-0.26868977234785085,-0.27580521185662465,-0.7250967209741775,-2.004528355384834,-2.1511486586767825,0
0.5848717657357361,-0.7235231474732777,0.40346891810791735,0.3015656990188298,1.027078104931989,1
-1.5717134365440921,0.822643815384662,0.184810302489739,-2.1243210051415473,-0.30801431675012647,0
0.27709785811273613,-1.335606938713977,1.507633558913684,-1.3125186713681793,1.8943066316212318,0
0.18753219824031728,0.2628739685635838,-1.013805932639863,0.9545996974881975,-0.026791547081841394,1
1.3505651831962813,-1.676783321571179,0.5597004724114222,-0.7411693474680698,-1.3461922700096824,0
-0.48589500889148746,-0.045668095176015555,1.2030478522059247,-2.274269229684079,-2.741928593269743,0
-1.259709166409908,0.9468134268109498,-0.7602909475639799,0.25134946157212523,3.3429582765318075,1
-0.18780457609816736,-0.6196994641009175,-0.28879530269948617,-1.5265723617342744,0.40684650400043243,0
1.5435435339031087,-1.3884795518347854,-0.7893470120509625,1.3584856237702305,1.4473563202657806,1
0.7778192540127467,-1.3897457686263954,-1.0195062023841872,-0.31674377525910424,1.734574954232047,0
0.16343874112981333,-0.9206410160995683,-1.345583400104966,-1.0727197983976693,1.034976832382185,0
-0.3321620435518144,-0.5666777635321887,-0.25593056166975336,-1.8489701254446813,0.16467468687004094,0
0.5089000184851801,0.4272459530048869,0.11038963910769706,2.685670831514657,1.6752553241744788,1
0.25020307692022087,0.3034696374095116,-0.6190727365172086,1.4236283361098692,0.6032225711514705,1
-0.8263971777719153,0.2656298424603394,-0.5626920244402328,-1.2670497477677727,0.32141504004655297,0
-0.37633312031084987,-0.17198012806661922,0.1417658589610795,-1.9480418122789218,-1.8943054100129721,0
1.3002125924137768,-1.6025152560648888,-0.3773420769478101,-0.36820117181741463,-0.45685167336680466,0
1.3526093898601703,-1.4090019346585376,-0.9159247272624271,0.6628562137815842,0.9000035497494043,1
0.8889197111724559,-1.3820674298709543,-1.0285765255061254,-0.07754571953055389,1.6435392136750475,0
0.24715317628287023,0.5423678379949353,-0.7419834280919447,1.3434096395026254,-0.8396822412511777,1
-0.5953274532183999,1.3807395151702588,0.9327436083455788,1.2889233883895157,-0.2598382721139372,1
0.4379549895258367,-0.8306011860255869,0.07575934319837979,-1.4360373299125804,-2.051736751333769,0
-0.23300038862122807,-0.9080062758420948,-1.1416718217393904,-1.912194267631385,1.1866432971297058,0
-1.3292217977038319,0.6763327036699422,-0.21242892991046652,-1.843415759251058,-0.2810506881029744,0
-1.09394136142503,1.5916377301654725,-0.32894408535730224,1.2657696235839397,1.6023745735717494,1
0.8777494599152241,-1.0589812756980295,0.2666727637833204,0.10461381683916704,0.49305039505447756,0
-0.640750734740649,0.09748647693806367,-0.6151876757156072,-1.3718040502768352,-0.19790717259676294,0
-0.8622397640103345,1.509294590915705,0.5053265000780651,1.0903100989640593,0.16921707863863233,1
0.302000962206857,-0.6907026938408394,0.2214776976759162,-1.4540765180524884,-2.0064340449641485,0
1.462474330938849,-1.57094757730128,-0.9169275453299295,0.6133084774738653,0.9524073164088622,1
-0.21919265509525868,-0.3112701299919127,0.1443434672966939,-1.3483673729149035,-0.554352417492084,0
-1.6660566400556072,2.91766508856303,0.02879081373848167,2.1522471598320125,0.43862605456890325,1
2.0523280407610707,-2.4730073181296053,-0.15556569452183558,0.35860562400988305,1.434089554222101,1
0.3990332966155281,0.13678597149880845,1.0401885647927522,1.409698032613914,0.5367312821332888,1
0.6863128967030449,-0.8631912037269872,0.0911882738437822,0.11006602162734547,0.6436102297165389,1
3.192064514093569,-3.2186536933846592,-0.8214695290296501,0.5061137530243649,-1.194346381264311,0
0.8865463568757899,-0.9871776794190626,1.3907324875915426,0.37457323161156664,0.7674168061288146,1
-0.5992985006014027,0.4860977601230333,1.9324594974495528,0.5022938482015757,2.4017492561103073,1
1.5890097699145993,-1.8477025869052164,-0.06184008396068339,-0.8155853562265275,-2.092469465491263,0
1.5507920561823938,-2.0713585661384446,-0.6810551606146789,-0.25127416460519014,0.7838396546447707,1
-0.8059582658535682,1.0749337539801236,-0.21903181435247787,0.9445336090864092,1.723897318533383,1
0.5111980576817586,-0.8864971500882284,-0.9205828940058789,0.2896313371900805,2.2975925095985934,0
0.8426417502235704,-0.19816375984124246,-0.49605231253974436,1.8927648624213322,0.8583928426974996,1
1.5102510248298153,-1.810550869039599,1.2010147611718904,0.24100292046693184,0.9470450313565074,1
-1.0821102339532902,0.41850984657364787,0.187538784413962,-1.6881461663048403,-0.025354816817919734,0
0.17109579961704569,-0.683296648214245,-0.3754938863522174,-0.8422225898860857,0.34564995047543623,0
1.5258774838278761,-1.70899297339759,-1.5443773533483862,0.20718906798098446,0.23163169746051282,1
0.09389412034609047,-0.7400682251586311,-2.664332321074447,-1.1461094722524545,0.31941362271104135,0
-0.4890210561905711,-0.06030056526862215,-0.6590067582323337,-1.512316281914846,-0.6588083035716883,0
-1.0864902482869634,1.4984220136444324,0.3332400365224288,1.0095510084620518,1.3774083700693278,1
1.770978914104481,-1.9535727919450196,-0.47386487015952894,-0.16090846562296401,-0.9350032076810076,0
-0.20961556104072612,0.9881233669223631,-1.595636760889683,1.4992210900852918,0.004205238581898585,1
-1.2549689062941696,0.5737643334694091,-1.4180599219689365,-2.460873876416128,-1.8049142582088744,0
0.10257764139940449,-0.5970835352561861,-0.22094226150476054,-1.2172417597222691,-0.6683145835667412,0
0.5580952239250053,-0.883446046831974,1.2902611290460646,-1.0478944974821307,-1.4919368993102706,0
2.6929043224012275,-3.4306552434530753,-0.2828867205196255,-0.2883917312260711,0.8758636715496769,1
1.0441140377573352,-0.9573003459444382,0.8074447180083516,0.8643101337144412,0.9313269449089173,1
1.1010030868799503,-0.36210873561255963,1.410213804814408,1.1717094971025015,-1.7320542391998455,1
1.4323571100907528,-1.2846107949400585,1.3680984817638127,1.0272562791225732,0.714188731633114,1
-1.0950707951050993,1.9916689357887436,1.6648018292404523,1.678397631641892,0.5887427615018943,1
0.03675245738856818,-0.99592417283148,-0.27269458215246056,-1.3907163503518158,1.3694812383726949,0
-0.8612130708432141,1.3125087861362548,-0.7150632206374263,1.2018376654554919,1.4853404219268402,1
2.2702075678034186,-2.8637727982832217,-0.8377094318949696,-0.01661636670172606,1.1804215444799466,1
0.42463005870006193,-0.9854510599082793,0.1798310795379064,-0.663648658363934,0.8554917493825793,0
-0.13980525018744105,0.18887872934775685,1.8381007079616358,0.4629568214680403,1.066566075870857,1
1.1483886359815558,-1.4723444154838938,0.20001485117174814,-0.20599117661255162,0.2059680470843368,0
-1.7738813241152123,2.7757104040079854,-0.04546497612900444,1.8222340329149753,0.9767021526091253,1
-0.36886385012477163,-0.4734512291070031,0.32543685943381034,-1.739825606804763,0.18359999569039487,0
0.580919107890329,-0.4212109805586072,-0.7563234246285745,0.6079622494738542,0.2656982984520313,1
-1.6315361841885865,2.125900228675426,0.004601087097138987,1.3962427419753543,2.4071089842584183,1
-0.8801276852327227,0.15929194917586287,-0.5171370804487624,-2.7564661109471933,-2.6798324302918273,0
1.1049213772524173,-1.4526933015164207,-0.790012802081076,-1.4478203821327589,-2.872186250317415,0
0.22397758776323187,-1.39918222848972,-0.5458425859710776,-1.4310355579874117,2.2409978919886555,0
0.997387172561015,-0.9906152980064312,0.9197033140843018,0.5944190739499517,0.6857449394337871,1
0.09859681060876639,-1.0184124621275135,-1.3162700410740993,-1.3509145466880748,1.2155964394103902,0
0.3545198963078256,-1.119326642055821,-0.6958614201447756,-0.9309566224701853,1.285741651283823,0
0.7168703649972115,-0.8745269839020935,-0.10137825626420019,-0.01742363617551601,0.18491683642502565,1
-1.4091017951129745,0.6631031462359616,0.6148413973029732,-2.3918388302546205,-1.157083864144863,0
-0.6494223375927167,1.5972176243146654,0.5573042937804867,1.5734925081493716,-0.3237426207100498,1
1.2862260837733122,-1.5760008342283165,0.7917964128034704,-0.564490049720294,-1.0228787793300114,0
-0.09211243114911048,-0.9030558043498806,-0.3961260979892287,-1.5917262033208437,1.1409898474703697,0
1.661403334872113,-1.6999654586344106,0.702881798595122,0.9728383478439174,1.3583602426584176,1
-2.0300294907525314,2.566295603241638,0.297083451490835,1.1668708936009073,1.9204982057004045,1
0.019586871695000587,0.47526245399171785,-0.36624169747817953,1.009593228736006,0.0233286880000112,1
-0.1044666257394745,-0.47547578289175485,0.3509425048957069,-1.2742022514017448,-0.19693726360626385,0
-0.3426250232343986,1.3326000907131155,-0.045861259369021544,2.1083545396278547,0.5952119849907472,1
0.5506817439821662,-1.0839373938042725,0.6550406137817893,-0.5320282981422428,0.9495220093173242,0
-0.8200233586904353,1.034567694624401,-0.5520580017774016,0.7247603765985882,1.447646975040604,1
-0.9257665113764736,-0.19246206883593886,-0.8417119460380091,-2.6613479854445288,-0.3108477030939629,0
-0.2784325968492053,0.9778916103680613,-0.554337967313331,1.246780838738643,-0.18269846329345696,1
0.11110483754493736,-1.3106814145895724,0.9173151613587754,-1.4719140238771187,2.3559591342159436,0
0.4871755088573847,-0.8470918640458409,0.9898601405859991,-0.03352362286659216,1.3940344995952296,0
0.6997435970907002,-0.816566118149663,0.6729432044950393,-0.07451722934095029,-0.16379675555694484,0
0.45030632786629465,-0.05845340656763698,1.1511294059581902,1.0210597708925222,0.2350006373915191,1
0.7970846971897922,-0.9519849303310195,-0.8063626971363014,-0.044132548472573974,0.03411399716300656,0
0.5623632052946097,-0.42617746908626253,0.9958719766589276,0.7320681051172024,0.7281298188052351,1
0.5174723223417467,-1.6792946631133479,0.031075966875013874,-0.981344360533132,3.0997991205621114,0
2.5872114764154297,-2.7600723085785703,0.21160038058850683,0.5081823909225549,0.08060013104129138,0
0.38757040040717206,-0.8907752573301244,-0.3255873571531219,-0.6960839329474644,0.49970426914964394,0
-0.2713642073250144,0.6790819772408448,-1.3834625118283659,0.9151219480068522,0.47550822154944483,1
1.2157940487590244,-1.5654803237227826,0.5102276451696075,-0.861296406762271,-1.4244703647767967,0
-0.37431690740221973,0.9594477018076376,-1.8604479999243069,1.0859943935377134,0.07688394798953602,1
-0.7106185422585162,1.156939080138246,0.12181470577485806,0.9649213889333936,0.7682552713684982,1
-0.14895492893256396,0.2223489255430513,-0.19776904470561435,0.1267344460735399,0.06971109417542343,1
0.4396289405249761,-1.3246437943809748,-0.23212931854845434,-0.8225622896995002,2.1277859912928485,0
0.810454319301756,-1.4129724842529336,1.0366468294192557,-0.37114919881197683,1.5162202716817272,0
0.3125517241581766,-0.6618643190539324,-1.3582116685261956,-0.7941678492779116,-0.500391827267243,1
-2.0303769869250368,2.81011261167256,0.4881048177193057,1.4708725751524367,1.4375811204355107,1
1.0072506789756601,-1.3427541420154494,-1.253295627303265,-1.7417807187872247,-3.6220409585632436,0
0.495303814994416,-1.0072128108844904,-0.8082184087866364,-0.5474624120310216,0.8434160660746333,0
-0.7251357287532159,0.17502619182199552,-0.6927548576980426,-2.1316061685294603,-2.0737008198267235,0
0.46587763492644835,-1.126170911783818,1.308011915661778,-0.7273928930237705,1.176317125465641,0
0.19207542589900142,-0.6027581259405232,-1.0563279993057415,-1.1353802385774594,-0.9685586421051634,0
0.6071118525700323,-0.6577497802492215,1.286503119071931,0.19968806492146485,0.2815318127278751,1
0.9047977695540589,-1.2848320192926652,0.8947235146471376,0.03203705131171675,1.3232828620225887,0
0.23632866234963784,0.22268579969410818,-0.12442732310641852,0.9579126278717637,-0.10383942569727345,1
-0.7731631328081852,1.1010325878081346,-0.7345580968654715,0.2882916874740358,-0.3237700893158284,1
0.9932904233361859,-0.7951208702098045,-1.7325440243543537,0.9457854461845768,0.6024238262599209,1
-0.7364860426367802,-0.41367150144657705,-0.47326504683304876,-2.4666073353994387,0.2070951223691173,0
-1.5411660739858695,0.8946107822234108,-0.11994127362647256,-2.9328152700970564,-2.9795770492965437,0
-0.5266555542032146,-0.04483384520545408,1.9044335081747408,-2.148392840877542,-2.1704370043417973,0
-1.05033975793667,1.4086855932741265,-1.4760670917717218,0.9475338898532537,1.4664624144335408,1
0.014858153204010953,0.9076367972713428,0.8534214514921151,1.6517856413107028,-0.5391877496134063,1
1.217067487609754,-1.420112785341888,0.32584085214792474,0.10775380800144219,0.33347221572557406,1
-1.4911036082844453,0.6787974996368893,0.9373272918208769,-1.7974272681671017,0.8090759717447293,0
2.1647708880315477,-2.3923839071181003,0.5310966022846075,0.20761045959085034,-0.06520137632185119,0
1.4519657422195282,-1.4038815662366786,0.18911121660394065,1.0127137424159378,1.1823348206491455,1
0.7789976402797387,-1.362863183281188,0.09682817740951716,-0.2637340531007698,1.7247812006311467,0
-0.2743466703862446,-0.6907880500759997,-0.6099007628719224,-0.6008605070030135,3.719600007924522,1
2.561980581950178,-2.508053457510137,-1.1177788402369702,1.7294320504922411,2.0983109325153,1
-0.0825639996156047,-0.5275539697143411,-0.20631480361932888,-1.3521772572407076,-0.26036727134059134,0
0.8876395876383736,-0.8506204664830513,-0.8702562235172253,0.36415327605858616,0.017832371180970474,0
1.138396609808665,-1.4159039462231109,-1.0418475454405287,0.10629211267558225,0.7853591934013162,0
0.36374500994323555,-0.8453789154239574,-0.4847906763568931,-1.3612878526365289,-1.3286366048792262,0
0.2008128283884108,-0.6568745497339531,0.4796797395099632,-0.7887361697230627,0.16620095309642835,0
0.9459216428220698,-1.3866791040058946,-1.151868384586774,0.04038952725910727,1.6291607843391773,0
2.2896875048569227,-2.520313253409072,0.06884573128385278,0.9276619911833848,1.724882322957362,1
0.567488264430163,-0.9556471635953978,-0.0027502410341822625,-1.237058961517879,-1.6639438553063965,0
-0.6131886221958387,0.015700024316435135,-0.7222688836538869,-2.7238610619249517,-3.463241961670902,0
-0.14392804688395083,-0.6381988191280162,-1.1860692313994132,-1.5975735595089111,0.05215744023226154,0
-1.2117377590758949,2.1726048613772653,0.11821199140193689,1.7095870043048362,0.43022413368322154,1
1.121672453379455,-1.4699283683805104,0.41692950326481654,-0.2970056536555178,0.11815138165898298,0
0.3497706840914481,-1.2628368768546863,1.182352844091784,-1.1116795282921106,1.5954054014050316,0
0.2106380562022766,-0.7325265234719867,1.2530889173020765,-1.8325883902512954,-2.2196675732468676,0
0.29915543725164073,-0.28023909835903704,-1.1177496539261753,0.2698855822766201,0.3560923203779748,1
0.08909333635091493,0.4950975853245926,-1.4122943199298554,1.2483527288091385,0.12002515527788271,1
-1.810921835207606,1.0510762271254355,-0.5930721344322301,-2.79002676676435,-1.7890509829125674,0
1.393349865979573,-1.656789038884568,-0.4540335803194438,-0.6682575294410198,-1.520640091585601,0
0.22452269025618996,-0.6314481137971907,-0.8912185001067509,-0.6456268105677958,0.26221962740055615,0
0.6365259722230957,-1.447839047786683,0.6634477291515113,-0.5649525969917737,2.249716019918755,0
0.09078695707206312,-0.9095859274094646,0.22374831957430621,-1.2762064076491964,0.8874741065685824,0
0.9738260043307825,-1.2024068016721299,-0.6766708032480138,0.18540616298320245,0.8720887888617026,0
-0.4954091856458147,-0.07968120486405073,0.11955692459848473,-1.4451183267840726,-0.343154183251839,0
0.12833182711814137,-0.6266948659315522,1.0478511314651566,-1.9114723395147113,-2.48030516505821,0
-0.7191344566086042,1.5395713093271213,-0.3693867320636845,1.317174108126542,-0.2668020963018527,1
-1.180273198774643,0.46351395403649387,0.2884111487160616,-3.1873899683703932,-3.5756629997880935,0
2.424998328983336,-2.446857407844975,-2.640897679343706,1.548329873974357,2.1370525428692386,1
0.6022887240430005,-1.135049693513424,0.19656354764246445,-0.1894436352354325,1.7976044920220247,1
1.8741425482207437,-2.1335694816848783,-0.35870377304891893,0.6465614463775062,1.4881135502995728,1
0.10207502587408168,-0.7174522215208436,-0.9070081583826592,-1.1446519981771692,0.15499132693815332,0
2.5729024520966948,-2.863050069955425,0.43350549994684245,0.9669327670952332,1.9038381668674431,1
-3.161932542450882,4.619524488223686,0.819888153981797,2.2826035674470138,0.9426251923431166,1
1.3634086343585845,-1.6555234639377812,1.1040706092820498,0.11752615842364367,0.7041551879958268,1
0.8182348472122305,-0.10902704572349253,-0.5361721666239897,1.033322823805073,-1.7023232750999124,1
0.8504888197482579,-0.8582462778732766,-0.25018783320716287,0.4137404050075013,0.412756595472377,1
1.388261343090356,-1.9633182356624306,0.6573649633895711,-0.44846791389670293,0.6902270990648753,1
-0.5233308653294351,0.5077520304696591,1.0033827642199402,0.4109855018618027,1.5887402397206811,1
0.5755647401619212,-0.9586056446824868,0.7932854051651251,-0.6011592913187642,-0.038835767718248926,0
0.34135832842329006,-0.8890458672169963,1.6224983409010136,-1.0494183403219375,-0.15033885418644755,0
0.9117757702986349,-1.2910057148455276,-0.3657996727935024,-0.7004606988406192,-0.5973446949654082,0
-1.2191909033356403,1.694612472466445,-1.6894573383151947,1.2091339499206115,1.675533218700148,1
-1.2009722794047775,1.3432768079897168,-0.429063876901458,0.6613649016444694,1.9776506676122023,1
0.5898509974580041,-0.26172431400010443,-1.4961991540760018,0.8736085762125372,0.06840287995404115,1
1.1618844543504143,-1.2517892220509996,0.8986484586849005,0.4162422724997368,0.5909688026114239,1
-0.767304029815404,-0.5260765305728489,0.4276172815847823,-2.6936193467614125,0.39129537057376784,0
-0.34023096819189586,-0.5374073913849456,1.2865973693976245,-1.8379962461644266,0.08887911661828307,0
0.12556645701613478,0.7418980263730262,-1.7021343999747023,1.9817017512135409,0.5177505472963166,1
1.7708156244247613,-2.023500248712077,-2.7222777409231447,0.09884156216036288,0.11003307561215636,0
0.29614047954920736,-0.8345696246590075,-0.31676510593564716,-0.8437605227304462,0.3751541385525704,0
-0.744610740418312,0.775665131089125,1.4049423292181198,0.5716440356130584,1.9473340627592597,1
0.5509768238596962,-0.2348122564909988,2.10367310306172,0.9587543760783113,0.3855119216594176,1
-0.6665809689474935,-0.5303919404898877,1.0527915569027135,-2.5179430944715917,0.26045881758356015,0
-0.4230904934416161,0.3416095693345419,0.8010809637881857,0.5305725137024632,2.1627533107898946,1
-0.6444980381759121,1.3401360603735497,-0.7812967068230585,1.3083898123536541,0.302368510048304,1
-1.4096757496704588,1.6146034195294778,-0.1268807141021942,0.9022023266912618,2.451111890386689,1
0.2750965959635068,-1.1431696722445663,1.4695825373608864,-1.023838691943063,1.650775948472461,0
1.3006380448834987,-1.2159955030305243,1.9353203365984042,1.0154453270189174,1.1236502119393683,1
2.156418304988787,-2.4289196556108443,1.8095149185186066,0.03472417308458997,-0.2739222823714257,0
2.17527228958761,-2.484360731519076,-1.0698953290805033,0.372146998884312,0.7822912879753041,1
1.2300985054543574,-1.271568994516763,0.7099291292005268,0.6063978999248643,0.7763801146272578,0
-0.19159189646701247,0.4715883183743186,0.08507903197998995,0.8006377172264089,0.7800249307087096,1
0.38097467053196293,0.17192785251316922,-0.6041676033158545,1.0375401786950929,-0.5085150215005769,1
1.4779859476791128,-1.4824721007199853,-1.5215968426326696,0.9880360159399335,1.3718819457422122,1
-0.6813271570481005,0.9701803839011408,0.4105320144092518,0.8982601624209308,1.3953940712012183,1
1.01000099787857,-0.2531652971933416,-0.17494456600131203,2.5483654796122077,1.840364120287218,1
1.6756361301785652,-1.8047771882859267,-1.3141458544552165,1.0960393311796417,2.1426492688743473,0
2.114271201116195,-2.186431867934047,-1.5081878543539287,0.025856068573573587,-1.3121013023363641,0
1.3772124469962845,-1.7580937572427566,-0.28368469367815263,-0.14757869968856174,0.46646339309640006,1
2.288077616200683,-2.39829926810092,1.90329268772716,0.7035943840064105,0.5106743684384951,0
0.25246549899237497,-1.250566753022314,-0.32782352634269685,-1.2054052935611674,1.877546338863574,0
1.0503585109582956,-1.4073688305369585,1.018157247648752,0.2820564630372524,1.7337236434848293,0
0.6643783178706639,-1.2734235802083442,0.07343451924111885,-0.4633863210747272,1.4312909052037492,0
0.1302596357092257,-0.8478741763098809,0.21911060003441002,-1.1869702551980894,0.5570566545299023,0
0.35063490626629057,-0.3766682090589122,-0.8021545915096441,-0.022991715754790087,-0.21502925158737485,1
1.3353666379923124,-1.58346348621536,-2.3764328563378636,0.3846088500807985,1.1933931421245405,1
-1.6586918291177528,2.556893171998597,-1.1354666958101698,1.5891359412616604,0.8161001060676095,1
-0.3625144904976767,-0.1409764435709654,0.5225619208753273,-1.4767957418291726,-0.9115561768974421,0
0.5137444693564676,-1.2797370302721556,0.06992926714063982,-0.7211765927418938,1.7067598441066938,0
0.17681191192228304,-1.1774818407077563,-0.16552815135332738,-1.3370588866572346,1.6105087396684457,0
0.09128506538701077,-1.3528814989379843,-0.16966815878122207,-1.6825398230009379,2.148129148488297,0
0.4486474768035365,-1.1578919577038187,-0.5939031720203022,-0.7000518919117881,1.5185353151456011,0
0.9533831103167235,-1.0743993150802216,-1.1135192324279926,0.15314643363339064,0.24113879510865022,1
0.9003562476294247,-0.9032520282229397,-1.1326690518768963,0.24901369510749571,-0.08384988475802313,0
0.8122419877517308,-1.4756809087254916,-1.7869457313398482,-0.23236369377630972,2.196052138151309,0
-0.39918894077241274,-0.5448714296285859,-0.022577941094418186,-2.0545268100754726,-0.07873968425950162,0
0.5940686839965059,-1.2696785311744814,0.3535478631986765,-0.5682875844599927,1.5650252783820702,0
1.852842639918005,-1.692681895013352,-0.5171830838060685,1.286510623010387,0.9757588472851094,1
0.40959375921188373,-1.1936505701753257,-0.3217062178214337,-0.8270133682114361,1.6119738928290164,0
0.5719714894645775,-0.005317441526907607,0.5542247039460395,1.335713686728592,0.03835503634876525,1
-0.6364521200122575,1.736923623894453,1.3005268585960061,1.8252343274208078,-0.4781495842643171,1
-1.0621301107112486,0.42282851647290687,0.5507877351167638,-0.1505777321074273,3.8411878958896293,1
-0.7756337353044488,1.1366161084452058,-0.5713742524172769,0.7806127330003104,0.7888676374280419,1
0.33815077902484836,-0.9667086704899928,-0.5208636651508562,-0.2808666790807519,2.280862480665812,1
0.8285773554485836,-1.026322966950644,-0.2216885799990672,0.10520180953943836,0.6220223345300806,1
-1.0482868296250083,2.439457874936033,1.5292965508395333,2.4617784404240943,0.0008679248430576436,1
2.3916813082793635,-2.539618991800052,-0.02302485444650096,0.47584818126906603,0.028187097833157537,0
2.4507523250722665,-2.7194428574160225,1.2691726564583794,1.0361559791656452,2.073482742202366,1
-0.49947006457227566,0.13251893529889502,1.3201841971984174,0.1978543851632909,2.854704811713897,1
0.621128173031515,-0.17932344310635862,1.1817613956614945,0.9063187681359012,-0.4681258897514502,1
-0.6285653571810982,-0.607656166457827,-1.8360719875025393,-2.592230866225452,0.24080683799392266,0
1.185954840501523,-1.5311694047585327,0.8525958032951028,-1.519868821594338,-3.14088825436321,0
0.766860699183794,-1.0794995819426945,0.006211355621786128,0.018711095659278754,1.04994924462111,1
1.4682484800716038,-1.6927854411750283,0.8168679695322622,-0.5923196770299459,-1.5887436834873059,0
-1.276418717896112,2.621153395532631,0.12391742634264473,2.404336628767472,0.2841019380382881,1
1.114827993599761,-1.4441083470147382,0.09110086660612234,-1.2245175315877137,-2.3948943334227026,0
1.2001825770261858,-1.2701228049558777,-0.5553080553860471,0.2770568400699869,0.09143960422845199,1
-0.3468973739184103,1.043884108438865,-0.5411253725348428,1.1337669048522172,-0.40759924168194184,1
-2.347745882000915,3.1207392418637605,-1.5807508173094416,1.6632033005839222,2.238442451314118,1
1.01815711299951,-1.3012123779068618,-0.001736523275695409,-0.7961282516256577,-1.4394239027320022,0
2.403788087931545,-2.574548157078889,2.220683796583114,-0.062400498246127145,-1.2661953054664736,0
0.2561688522743742,-1.09081190475826,0.1524347668741858,-1.0545256751150196,1.411245891299696,0
1.9032163313975778,-1.4448802132830239,-1.1802836038228717,2.4689831390783468,2.4552906461717265,1
-0.26259697729527465,-0.630886515767215,1.9898550733375573,-1.839365699736312,0.10381582084869156,0
-0.875488162827303,1.3369299874562572,0.4739340992113509,1.0965476944309196,1.1693944790119903,1
1.1642860834390538,-1.0153568912747213,1.5834772772495995,1.037647629539205,0.9579632641192198,1
-0.523943377698761,0.9962583337218146,1.214973511292237,1.1984937479061994,1.0860446044952525,1
-0.4420042234839206,1.0829140790730485,-0.21347213599941883,1.320788172691275,0.4532158027298506,1
1.7569744142082189,-2.2355354136569483,0.4726630560767134,0.08673029891363904,1.273884098261839,1
1.941193208125137,-2.079825220538797,-0.7898474390492546,-0.06277085595157983,-1.0509663680645822,0
2.3543531630168344,-2.6969510328529234,1.1342947938882124,0.5768802436542123,1.3430621135311895,1
0.4258523627030846,-1.7943452832634212,-0.07436859881871455,-1.2438403399005866,3.574555892071237,0
0.48869342932253645,-0.8879024849137823,-1.1343963827064898,-0.2626797055858666,1.0010065132045742,0
-0.14385764839389656,-1.2187359190959803,0.19630441692435538,-1.9461249204348334,2.185479046675014,0
0.48181582196339,0.9118044368254701,-0.8680639066752307,2.056699253481119,-2.3406627950655516,1
3.5914928161340827,-3.5501563718944302,0.2482739329114458,1.0906588334317506,-0.3577602297695348,0
2.304852739653149,-2.3821480387667124,-0.29340551584204505,1.4310688280371915,2.2216516897058867,1
0.21106370309421937,-0.9001198889824306,0.15310199293432541,-1.0351812542294563,0.7361071507331972,0
0.09634771618931522,0.592996770610829,0.5074209278332887,1.7462991578623372,0.861648623472789,1
1.1553633387174598,-1.6371387117094827,0.297394853531108,-0.1699062964320286,1.121504891448828,1
-0.9368289532771928,0.9591925330976252,1.0936976406914414,0.589429873779355,2.1990861563107047,1
-1.2187486269349954,1.8716896425317724,-0.2323044937361695,1.404583935395682,1.2544968872168472,1
1.3703649677203018,-0.999859037147458,1.0452510148730776,1.7240251237205366,1.4155474619901443,1
0.5661546033872361,-0.9606947405718873,0.36141552377197955,-1.0867365440397379,-1.2372942740566706,0
0.2375520076804266,-0.9760011349754524,2.3502058000057215,-1.0787043881342622,0.8594553701686584,0
-0.5079422974606684,-0.5802163616902445,1.5677961311964723,-2.1856490891967875,0.42495660539783264,0
1.1516135794497504,-1.010238762879107,1.4258947496245888,1.207679163780614,1.4515970806214251,1
-0.35994694158858376,0.9908480338309482,-0.7422480135662024,1.2026556756805251,0.1293247721330223,1
1.676723329209353,-1.554063414908137,-0.2133297993092693,1.2936938789670642,1.3374794117985689,1
0.8883058074263153,-1.6126277090396484,-1.4281484954450976,-0.2755801176363909,2.339209203263046,0
-1.3824433328293844,1.536668873510401,-0.26403776199440115,0.7030344071828767,2.1747275429517074,1
2.2306822372835993,-2.458642772998796,0.7540759331580894,0.11193003261356194,-0.3677456169192631,0
1.035253079575695,-1.408058564730445,-0.7296646238211267,-0.32389772600644917,0.24853215174814935,0
-1.6782953870191457,2.440108911260489,2.390766164767724,1.440444757132194,1.1594381772337425,1
-0.3046303097789137,0.8329561829560332,-1.167534215312696,1.0425434964087748,0.20335615052183398,1
-0.7041022868365503,0.9287362350889611,-1.2081788236455882,0.8129377758470682,1.5283845602014232,1
0.541012726399044,-0.9077829506970679,-0.3119870086480041,-0.3007509239150643,0.6881773913149045,0
0.18939442254338162,-0.6660313540185812,2.2947685915477845,-1.4332319381165877,-1.397531131343359,0
0.03305270741165203,0.1467075844244502,-0.2763196351264478,0.7390693603673602,0.9580559105260177,1
-0.5059277912348444,0.5444516404926651,-2.057966753396755,0.6312685497341736,1.8652668812278599,1
1.2616606354211737,-1.5164740587882206,-2.206418848383733,0.5088983265138554,1.6140666840621312,0
0.09754972646039946,0.20206219460780428,1.0833404379113156,0.6695026182880234,0.09477571085701986,1
-0.3641053155818529,1.1221585100684963,1.1936448655732277,1.463970545937667,0.14791312548429736,1
1.286337983401156,-1.2001817861219564,-2.0254180833204796,0.9481708133043554,0.95212976257065,1
1.6688961970654594,-1.6419925142466005,0.0834811255198509,1.1932941434278872,1.5840167164677512,0
-1.2211577064022463,2.2288284863878296,-0.06110191375136612,1.7252881904361606,0.2336878204508498,1
0.9190680151117143,-1.2638455402406596,-0.2766358691614466,-0.27627832708020406,0.32242583243441514,0
1.0037379331525278,-1.6643866438450552,-0.10622149384201134,-0.10879438807780206,2.344532268041039,0
0.0009338943387257625,0.44011911509074464,-0.0946237926492889,0.9662375336960299,0.2077237949742058,1
0.16249357066791226,0.11360533638097792,-0.4595489411617563,0.885064726375732,0.7262875151013051,1
0.3625836239104968,-1.5387859341791863,0.27402735267208544,-1.1839381360430785,2.775508679452977,0
-0.2685220998962843,0.7881732912753121,0.7526823152860572,1.1614276704065738,0.5288962889585358,1
2.0462153014163493,-2.223930658123835,0.38196645752409497,-1.0788693983302828,-3.5837647702124658,0
0.32749545047323686,-0.7263699606026438,0.39167061561527167,-1.5231057236607053,-2.1543613494451312,0
1.017550961680794,-1.3156571764354545,-0.2283383352994422,0.013667042490176584,0.7521992061045555,0
-2.243314623289755,2.800754879787083,-0.32662348908556743,1.2943001779446006,2.319215928164094,1
-1.4959937277437851,1.8251135250229202,-1.0249923138187629,0.8269656857382508,1.6756772089228722,1
1.482727176033179,-1.7143993985158368,-0.5869656870923221,0.36706173291895383,0.9390208349947355,0
-1.7008489336906254,1.809037828104349,-0.22064275011577214,0.7377825791279949,2.771382379048735,1
0.9432306614624434,-1.396288122714464,1.623263185486201,0.06424517480644654,1.758092516304997,0
-0.7700056396778332,1.0101330482083153,-0.3371881377911729,0.6978633408854682,1.2018120799022802,1
3.5811238216762344,-3.52705449965986,0.049802790902832496,0.3765869188424875,-2.278428497891218,0
-1.627154976216826,1.8991254681768568,0.5714083877187804,1.1045589923008643,2.808332049983663,1
0.8940849210092218,-0.3008602754125571,-0.44029678710755854,2.0567688741193733,1.5120486739302,1
1.0728279301694827,-0.8534994283546864,1.7320492913680818,1.258094676978979,1.2400043205988573,1
-0.2153939328046576,-0.4001694903442857,1.7786551265382484,-1.2195155155772608,0.22463623666323174,0
0.351248389038188,-0.7746760334724593,-0.7844906432421096,-0.596283186542643,0.37206378461959544,0
-0.37284696940834966,0.44817691416155037,0.4121091610202864,0.5262528272340715,1.2877880525060552,1
-0.003177286990098325,-0.07348218901329928,-0.2029174630104449,0.40974159551531264,1.4732026390155326,1
-0.16596351255509542,-0.7528281889976737,1.7348318912272276,-1.667700255103103,0.6038930210141209,0
2.3630602372386527,-2.4574872158032877,0.18729554982321833,0.2190706608452231,-0.8982604407459707,0
0.4012148495424291,-0.7773752109347538,0.6569471123242788,-1.046675222885011,-1.0920096829375268,0
1.0754610266459825,-1.4635016596102701,1.1825657270608714,-1.1744287531520388,-1.9235233635670497,0
0.9178232865438172,-1.2219155494697245,-0.3337788708388873,-0.12232053229125728,0.5117841190966843,1
0.6288776866255866,-0.3811356855893664,0.5336479953688871,0.8225139716127355,0.32402145292425677,1
1.2174367014344287,-1.6387283479773607,-0.5487491334148188,0.35168738584405346,2.1133705291126423,0
0.7737257725177221,-1.1247000286731024,0.7322345071326534,-0.09981503078352771,0.9360194976438831,0
-0.4360210960650319,0.7493270284326543,-0.8327052186054525,1.0497796440950327,1.458496836566385,1
0.35743897460534196,0.13008989360733203,-0.36158858057559284,1.0953146214525193,0.0044050582489673085,1
2.6850650493932977,-3.074702488992612,-0.20429533330183694,0.6971329033531772,1.6283326396816094,1
0.21196901418919775,-0.18765612039759305,0.06863704842771541,0.3856281259528438,0.702188761933271,1
1.7194186177205992,-1.389116772600213,0.21802509213256502,1.8235743669310667,1.595738879318553,1
-0.6284596455217699,0.08177332091330092,1.399283341270051,-1.5656163378340429,-0.6957192397369096,0
0.7457785746653909,-0.978382941072532,0.62152184861589,0.27171667503770625,1.3079016780893191,1
-1.5111008870663274,1.9948116031784948,-1.249395203059528,1.2388548541281301,1.9522977391988203,1
0.9680634175032947,-1.1469406974086291,-0.8650714271711278,0.1741649057132113,0.5870369333869534,0
0.47997611187927586,-0.7033660656499587,1.1646149903103564,-0.40767158202519604,-0.29149375537943056,0
-0.5368653181135785,-0.04083057208042895,0.9939297571216518,-1.3112016644191704,0.05427010092897033,0
2.4255335127114646,-2.843192822903724,-0.5481663559692463,0.3442941194842565,1.0706533877910176,1
-0.4898610935959801,-0.5613913976302897,-0.2395073687649446,-2.0710391924459746,0.5154226859346848,0
0.10734473128868982,0.7494183575239781,0.47291708452549563,1.5982201095854172,-0.4112629436574784,1
0.8909715390667525,-1.2141897908963402,0.9902384537051827,-0.650569352914639,-0.7435003188936233,0
0.05077224456307075,-0.5349777825674633,-0.564981911032076,-1.9271049228843131,-2.530805241903038,0
-0.23896410142968866,0.6267816989933206,-0.858812727920689,0.9751723631380772,0.7095107586019449,1
-0.2455562235227659,-0.73352854535618,-0.30045486881775135,-1.7731158157037434,0.7111314980399737,0
0.6641261047857688,-1.15575951947373,-0.5615879353732794,-0.32707570231489813,1.171630592353682,0
0.9022389802228816,-1.477035342478596,-0.08560808947124605,-0.13679059304638364,1.9058968756561483,0
0.7309313092646309,-1.0972963808090996,1.745871336135157,-0.7878585494154312,-0.7423888337498041,0
2.3089876582743813,-2.431836601421705,0.2963644392546358,0.9642917663400437,1.2394661523871684,0
0.6632899887203588,-0.15323712382013022,1.9928326252700297,1.3746509363179746,0.36067200401798905,1
1.311182984900115,-1.7615358631825666,0.20971329919736692,0.4189884791672136,2.363300874531902,0
-0.7872699778875769,1.664664215750582,-0.9851944027873477,1.606386817106289,0.24566979448553128,1
-1.3792167081998226,1.5945487524566317,-1.4627663071111208,0.9067585592999198,2.3831382702002735,1
1.6413640518189228,-1.7072313138904858,0.5108629891483177,0.7574856724856702,0.956425746541625,1
0.9444110676583178,-1.3220284289473705,-0.30136312044018576,-1.174395571069018,-1.8691175170571135,0
1.8484265159368467,-1.9369748097218291,-0.9082061822885704,0.5021066687548614,0.23704220429196665,0
-1.4540819060577344,0.7263014189508727,-0.35071044462349615,-2.8255637264107167,-2.346485052804451,0
1.2216878986349746,-1.403825230749223,-0.21339221860714852,0.5469370969348255,1.3655851426765793,0
1.548076666140911,-1.1254940607377413,0.8209668843684006,1.9912751993770617,1.6919216568208495,1
2.3866378774802888,-2.5913088409976517,-0.015917845002242307,0.07774682527380583,-0.7086392178230079,0
2.6168925559403036,-3.3241011852921067,-1.1784403468600457,-0.009021609039701506,1.5076659147702314,1
0.7075345549335756,-1.1948988317765192,0.5233950169020153,-0.21761483328830478,1.3986769377239359,0
1.325687263456331,-1.5990629392298916,1.2046744399937044,-0.25244652043318705,-0.32772351310023895,0
-0.5850679728107718,0.05995454437195469,0.2886321508983798,-1.0352403109268087,0.5385371477290166,0
0.8958681991522819,-0.6695068191424249,1.569866436259967,0.6825815600223815,-0.15087641267922547,1
-0.40617211161359634,0.9817218554063774,0.09697017676084972,1.1435599103787195,0.30373810857569483,1
0.2654441145392603,-1.0610023754372775,0.3409526902216264,-1.0079311005284644,1.3202060642274587,0
0.26605744941351356,-0.6348329035379563,0.022203934542636587,-0.8611273591424529,-0.5343761561562937,0
-0.9083193350627307,1.7548001529065271,1.4458646596420308,1.486742323359217,0.19626686815444416,1
0.3995695090930876,-0.2901062315726993,0.3382524875291783,0.4771293706866022,0.3385708357860777,1
-0.13845240114426266,-0.7014768549395722,-1.3889081710291074,-1.4760840636483685,0.6674641770557428,0
-0.177884578295968,0.38117318843294035,-0.21257862798856803,0.7091889303112835,0.9321634665159874,1
-0.1327576965952944,-0.4592345259485554,-1.245593911614555,-1.4068965755287075,-0.456370436723442,0
0.12387671844283238,-0.40422728016286347,0.9495229179610088,0.07030411720101215,1.5498496790682308,1
0.6005303519754083,-1.4220483908983765,0.9280450710056922,-0.7162345519102827,1.938535443864741,0
-0.4329569736718181,0.9634834218363919,-0.24624212194871742,1.1750419289696175,0.6441129764879236,1
1.5704265515965141,-1.8976023413526681,-0.7276723548562242,0.27675562024744993,1.1311421582232704,1
0.26927378664921353,-0.7076416346977515,-1.6255993666594517,-1.2669912049495728,-1.2309155923506403,0
-1.005484271249024,1.6491654916465615,0.05976783737328261,1.4108068973869916,1.1419590313416177,1
-0.16982633751324264,-0.6531013116714501,0.25258992737909125,-1.5142587671113863,0.5048608760035539,0
-0.047682064594634734,0.9526116656444599,1.7467389375083464,1.935845658018876,0.3458041782876484,1
2.5342762306654443,-2.7553079865327206,1.8065162106620096,0.4964704923327832,0.3465495333984969,0
-1.4963638003093858,1.6413878150791246,0.31963267591747646,1.0346123161944336,3.1825404495533136,1
0.04792408578682502,-0.4524559390581725,-0.38193227172536476,-1.3258586766727933,-1.3777874766237668,0
0.8016044538387254,-1.1416455889318562,-1.621394156122169,-1.303695735528188,-2.284606546827808,0
0.1841815782460067,0.2566614445676516,-0.7792955995214319,1.135741494578469,0.4986006303486489,1
-1.8843895356631724,1.058302118267505,0.024407339533162126,-2.1877175635965793,0.1902694197052075,0
1.1826436582434878,-1.3651373064012886,0.7289091555627822,0.5982835157460225,1.5338430091672488,0
0.05056117196859192,-0.5455720538941071,0.09412426778927614,-1.4279324058682485,-1.1719768602136758,0
-0.4985900226079423,0.9506878834784369,0.09018263749689953,0.9183695300274506,0.44027242000048783,1
-1.2538349339718333,2.9110004405048873,1.1162463905181252,2.3149315712551326,-1.6054839409200956,1
1.1330430994369405,-1.4942919596529118,-1.4896374214361092,-0.6479663936270399,-0.7386276919741405,0
2.862240215350499,-2.847173064737399,0.9362090095799499,0.3310790304420841,-1.5950292944537372,0
0.20118532914767742,-0.8321733618865634,0.0005000650336295328,-0.9547154174395052,0.6498379319345267,0
-1.201445010624415,-0.1629980793908522,0.48178370786128394,-3.1975980744168497,-0.18984380177832327,0
-0.23462620751749325,-0.30697223876920465,-2.5108350014014515,-1.523209398121876,-0.9392026350770704,0
-0.3258835089075058,-0.676607438792899,-0.6793845698063502,-1.837463763402638,0.7327562684759674,0
0.43519179433762956,-0.9934284688325037,-0.657484937966344,-0.6470240214384384,0.876527962730904,0
-3.216725241851989,2.284361325425433,-1.3446490274694252,-3.470470699631946,-1.4908654190837263,0
2.0938821582964104,-2.4927849714672723,0.274741902746345,0.3827929552702932,1.3484894616004341,1
1.7986743007657315,-1.8662209137416346,-0.5899092978657563,1.0776851673766918,1.6696349463673885,1
0.9639687525607278,-0.7727056724957748,0.17255019180419026,1.092110026451731,1.044667497027964,1
-0.724731686175426,1.4721459593875634,1.6845797460168992,1.2641259283601,-0.01776802029996616,1
0.02532033903213846,-0.10148771949831015,-0.08392725487267538,0.5027184374384623,1.6894469338571256,1
0.43362439341266185,-0.9344732366525217,-1.6553688814058016,-0.7172141013416362,0.393951706331795,0
1.145880777410494,-1.563452684351582,-1.4609249386516574,-1.4524586144082297,-2.552479880548989,0
-0.039648406622676366,-0.7874857507606685,0.2767229725883162,-1.4893206281352036,0.48372871232415926,0
1.207034335378871,-1.9510792511840007,0.07714478588312636,0.07821133677506409,3.1004132975273047,0
-1.3130559041020888,2.0249406204915084,-1.7967380129780532,0.7685408587766638,-0.635074467624196,1
-1.4500218412979542,1.6895426225467687,-0.8912169480418995,0.7991411267955701,2.0345151194364575,1
0.09972426027034724,-0.5862853652169937,-1.7645959092770471,-1.0230236311191239,-0.20099622180970722,0
0.9977165390232665,-1.2940411661722067,-0.302961376874301,-0.7919084927388207,-1.3418717614500302,0
3.172185260963514,-3.7823950304458074,0.8442832280974177,0.498296012274412,1.860844699144181,1
0.034152160446753864,1.0095940317177163,-0.8522016313215837,1.6183640480507564,-1.2779437231678097,1
0.3261421253520853,-0.9214019894638177,-1.4891464178991283,-1.378786214460921,-0.7474439782690536,0
0.17352217283586976,-1.0341140806295346,-1.9854610204177623,-1.2516624030824586,1.1017668541228072,0
-0.42856721081623933,-0.7095369966525602,-0.33637866311040404,-2.0632532767909884,0.9400066795158031,0
-0.13677330144548364,-0.4740206333031428,0.7601183762563611,-1.7113215032961042,-1.148529199451378,0
-0.41999527216331317,-0.14083989919395767,-0.01016572074277691,-1.4941782458405808,-0.608536558859313,0
0.6760666302748123,-0.09893721100428898,-2.498493587871451,1.6322848034172508,0.6704662810152417,1
-1.2922674899565496,1.6259028692847197,0.6983208157562021,0.8705655030293425,1.5963572932346866,1
-0.18938640409216387,-0.954455363900217,-0.241749638893447,-1.8785530724601407,1.2529915083530532,0
-1.3904735864343818,2.0260737990582327,0.18151333150755436,1.484250783216368,1.695957560537912,1
-0.16216490349556623,0.6676283335946105,-0.5191573227936902,1.1305390394684474,0.4342694616740985,1
0.7968198067902528,-0.827766045006084,-0.23433491104206355,0.31280624831016557,0.31564893912347003,1
0.7536339614313269,-0.28168280140417545,-0.24032823743301487,0.9243280216669286,-0.6893277446998152,1
-2.8287484444552797,1.8934690613473966,0.6082288953073121,-3.9505957101665934,-3.0504761660645565,0
0.216636396441948,-0.6906911787028123,1.3704096939838664,-0.8228349936328208,0.15841467998054348,0
-0.15717979261583367,-0.5320568216136912,-0.3587659360951468,-1.5181584729360988,-0.21656842862265435,0
1.3058529880432552,-1.6907221791023355,0.3406541364121413,-0.2805433643573819,0.1998747730575896,0
1.9779834551638849,-2.3367434418769797,0.8197283316910118,0.2718801057974558,0.9451372693307976,1
0.44178593348530765,-1.3490845639842117,-1.1998597221795984,-0.9818453576991093,1.827327452224785,0
-0.040647838787216166,0.7919264652203897,-0.7707370597008625,1.6898298958386144,0.503624505172471,1
-0.04311869675425079,-0.5737939745915117,-1.1459005899823282,-1.37559241815097,-0.31862192661673006,0
-1.2823347381892551,0.5560880571867248,-0.060917832770783234,-2.763998116797638,-2.336727948822344,0
3.151018926453942,-3.196874093251968,-1.555970026317907,0.9138889938874208,0.004381725971326578,0
-0.5198684895668423,0.7450660873122368,0.37955030461222966,0.8173275735383461,1.3837110338829637,1
-0.7134111743708519,-0.11661268502960487,-0.11565356854823089,-2.22327373842229,-0.8553748502412863,0
-1.2011504145144294,1.5930934144080173,-0.09996977981690322,0.9004152079571619,1.2928421885534038,1
0.42123686533270044,-0.7967963635393114,1.0499941674505682,-1.226132440328914,-1.5798923261640416,0
1.390246884360456,-1.709868062992703,-0.8601926954224983,-0.22900334804576017,-0.07785301650257181,0
-0.13540768178258722,0.22096685782076741,-0.2515808307655791,0.5871860492884325,1.1957030153895432,1
-1.8152710100446892,1.9079585185500818,-0.7604181998113736,0.7280097044082031,2.922270862230447,1
-0.5045522382799525,1.4353556997710886,-0.3326571805631725,1.4714657381243155,-0.6212441240711741,1
1.0353291130881626,-0.3800896572323853,0.08079162972197933,2.181010287957669,1.3936339315484367,1
0.3797533418548594,-0.039261068025184365,-1.079392457099354,0.905573065227569,0.261635151557695,1
0.6219549240785671,-0.23217141872701674,2.633537940031605,1.3580024518478315,0.9820057629986112,1
-1.5127533920253302,2.8958908962963057,-1.1501720603143877,2.2283709914803778,-0.1796817484791362,1
0.7148419221092065,-0.8717587039219546,0.17252678292308982,0.07518666351997871,0.4242854463649772,1
-1.2714249069187034,1.7705174035218667,-1.109952837036249,1.2235898576178292,1.6325943833378846,1
1.0869239185333412,-1.4747620599843558,0.9965246338965807,-0.33604460847490203,0.25268432504705185,0
0.4117829642441324,0.5045110631842205,0.6207475552794239,2.2634364199245853,0.7587162002233784,1
0.8276264244172503,-1.536993519255057,0.7087186735179315,-0.29082212039631494,2.2715148569299908,0
1.0118940386022146,-1.6552814121980464,1.0045929091264905,-0.02748521521528635,2.459358637485388,0
-0.8297093187029343,0.9363162665630117,-0.13414517626645758,0.5202652269602357,1.4880601234756785,1
1.0715629521905279,-1.3722524321935807,-1.692681615510937,0.008904054092214064,0.7084111086649136,0
0.11691292929226331,-0.7924188400046424,-1.9700004554188741,-1.1632827852556686,0.4092251692486464,0
0.5315306985407013,-1.0117904422603918,0.0001866646349733769,-1.05263080995408,-0.6702483127625585,0
-1.2248742906922578,1.237816322921816,-0.3309781736136056,0.6139696246190856,2.551954249596057,1
-0.442183993971717,0.2504058472545382,2.501645035135113,0.36331517173965877,2.3204860837649606,1
-0.7307182033715292,1.384636352877561,-0.14507659570363216,1.3606011152998068,0.7289113069570241,1
0.11451829671664317,-0.45975564240853917,0.5334850768245277,-0.9176053469220987,-0.6790783870393655,0
0.9405367100726832,-1.232414500344743,0.34438421737853486,0.057974661443361386,0.8991511249808372,0
1.3604597177789697,-1.5429715833528475,0.7591785027052609,0.26316958138876223,0.5120104615622996,0
0.5330503853555577,-0.28586723686953863,0.1196002626671043,0.878034230948461,0.5514363577051108,1
0.42783138660280806,-0.10351029151221625,0.15971772868210007,1.1087267562185361,0.8363211134795957,1
-0.6916588667072602,0.1524920810876702,-0.4924903908336654,-1.9682863831748159,-1.7328944377723294,0
0.7265938176921586,-1.2075666992350524,-0.5072714105938124,-0.3035492984602083,1.1251836152201018,0
1.197402071847781,-1.4402507163743676,-1.6722497745673186,-1.382467379239255,-3.3285666309518085,0
-0.025542797056562608,0.2351882315853734,0.5968621810742627,0.6056939109608075,0.5022381478378142,1
1.29657351865876,-1.4719915713653653,-0.7658600900863026,0.6247710871700984,1.4711254170682548,0
0.21460759207504085,0.29220435006164047,-0.03151232442302292,0.9957496615458761,-0.23761976043592337,1
0.6416803604336314,-0.5440806713393385,-1.0612935317114818,0.4254310443087397,0.06461926157460784,1
0.055498214050366326,-0.8843798245083131,-0.6921522120768903,-1.2491025027254143,1.040357409236744,0
2.1072835240330003,-2.62229599882603,-1.2646864317560584,-0.1565752981166426,0.5390770283983272,1
0.11665873349558108,0.46957421985599357,-1.1493716102158729,1.2089432512703229,-0.01638935177456502,1
0.24223978145582736,-0.9893311115580636,0.2448193738945395,-1.0457008569786699,0.9869410003587562,0
-0.49934105000692747,0.8560486752249522,-1.0843712084571229,1.0067260683893453,1.1713507754734076,1
0.4861089865218416,-0.8955569250427464,-0.719006667681404,-0.8666557262304035,-0.5185583198123258,0
1.0760555582564235,-1.6496189390707818,0.5428283512706765,0.05322355822209124,2.250549009078408,0
0.4804649912931591,-0.8767625071428788,-0.7219633271251292,-0.9956449263903043,-0.9192430587236745,0
1.1027181719163694,-1.0271022338588975,0.10207491624738367,0.8596120782545207,0.929043331614424,1
-0.19124819747116437,-0.47820174891454736,-1.5613523357772998,-1.5054854527195611,-0.258900871648607,0
1.0742589831950569,-0.8662834645469855,1.9015592551136702,0.6258006070416566,-0.3509227441246654,0
-0.191042426082329,-0.6445336367475303,-1.7204456102367125,-1.5699665069249171,0.44349117803349636,0
-0.8156138419188674,0.7268569713619627,-0.6544018951685149,0.5217063877967629,2.504102480965831,1
0.5591680823976279,-0.9030192489144411,-0.18561746791792078,-0.34812825787907065,0.4293760848754783,0
0.4089624738921737,-1.3826262438566146,-0.7601894489620864,-1.0029808984142456,2.1473412815407165,0
2.5079234943947544,-3.1012401171270088,-0.7067297635192396,0.06453709258796791,1.1931615382328813,1
-0.3100258679204354,-0.15050651904605805,-0.36010595263818695,-1.2198902010609065,-0.5102627294627136,0
1.2784364609515688,-0.9914273027764521,-1.4494197291774182,1.6417119178568684,1.7149232933865095,1
1.5908007196651799,-1.824791538659091,0.08432382724223389,-0.2473358260308085,-0.741240730744287,0
0.49666845934473414,-1.0807902740293862,-1.2975096399822306,-0.6125397331222744,1.0510415619428939,0
1.1217451561858816,-0.6819122548384121,-1.7381116395453866,1.892596379551284,1.6985608839925894,1
0.6309134825158847,-1.2473901146731492,0.44350172058452486,-0.45536568668339517,1.5189853236679043,0
1.1115342478842138,-1.454670426819038,-0.978322207591943,-0.6020057274038233,-0.6958019150304345,0
0.02718420476697028,-0.739862700759863,0.6084420694741921,-1.296042614384402,0.3323808442828483,0
-0.12713198127756528,0.027355435640228465,0.01631560168577677,0.4561156964912423,1.8183850633533933,1
-0.4677904356836552,0.5545827762125342,1.197186484622428,0.4803322618457295,1.1868654585775298,1
2.0858223690513,-2.213084963037271,-1.3440446284718441,1.0526397012746798,1.6785790320800518,1
0.5530069883107187,-1.20121700344724,1.6221931015494289,-0.6386335207588683,1.2720599723242116,0
0.6955269456497226,-1.2671322670174674,-0.010937837016195572,-0.35532559714071044,1.4910126087746256,0
-0.47984183309761724,-0.09396889529367003,-1.4211531401456212,-2.4162103630226954,-2.895751753711531,0
0.20120090268298277,-1.0275172634720102,0.4033003902452816,-1.1026960114378188,1.2876558843506956,0
3.1690612737359225,-3.8372309849105672,-0.4927727282429369,0.4046920416222358,1.923087849522425,1
1.565121798913715,-1.209877578141249,1.0104138262506557,1.7304404117924275,1.3503572603379606,1
0.009733791154911329,-0.7426320516673055,1.1446062820500897,-1.221839840529362,0.6464178213127493,0
0.9292532924528476,-0.9194932414852924,0.7450305629127996,0.23996663728197998,-0.19780806692172348,1
0.38566349440198944,-1.354977768451978,-0.37366207826417036,-1.0139963532106997,2.1151816107215673,0
2.6430356702798568,-2.737564768232902,1.8627464923572625,0.4702279320911764,-0.4753866281711603,0
1.7262129716108103,-2.076350869905125,0.25499675067459876,0.4338583815056648,1.5317587716949799,1
-0.03843109349965912,-0.8882126395758374,0.11127676805327562,-1.4987001070032333,0.9798324717846417,0
0.4094066790108226,0.20198048534782354,0.286194759048022,1.7800347425610445,1.0979845506468116,1
-0.17573229781770955,-1.0321714064274123,0.6100231697844505,-1.8922247710555193,1.54176061148193,0
-0.2688069990650102,-0.8685507023925064,-0.5026196138317597,-1.9199039445403707,1.1771767651078258,0
2.1133815272070553,-2.3123325566455493,-1.4091069277559771,-0.4932935580809774,-2.0009120855918234,0
1.1030358823777453,-1.469970980268612,0.6494973648592396,-1.3954030028419726,-2.6334517838188325,0
1.0598123714371623,-1.086394629081472,0.5957022501755148,0.42214007387385244,0.35930777787704793,1
1.4449358558224903,-1.7582895121606075,0.028012915358889258,-0.18729692492281003,-0.04738698671547292,0
0.13287864668369934,-0.6676354020678977,1.1438367264203908,-0.9984073360660615,0.08826576532353336,0
0.82273593094131,-1.057657770793801,1.8272615049570138,-0.41463450658928236,-0.5341764508381681,0
-0.8048465106365871,0.14913162967104276,0.4730509282332128,-3.0230046814928797,-3.7789777637500914,0
2.2421903568971833,-2.8253713465712997,0.3497695206060582,0.06908877261409763,1.3728344896820341,1
-0.11086870540196471,0.3950716547966604,-0.9202385297763772,0.3419687294720054,-0.5055048877181103,1
0.08337397570256684,-1.0258128956197483,1.1154332973811345,-1.2880384421849216,1.510835522093961,0
0.2965206174560509,0.21718956353837782,-2.064957387584735,1.3310367262794236,0.5326676937216085,1
1.1171765590613145,-1.1101075672739436,2.5546863259021158,0.6573637174915901,0.7487781053040923,1
-0.36115063927646873,-0.1076275918526558,-0.6382769656971474,-0.7867921499690402,0.7051335814054167,0
0.45330341804058616,-0.14623601587332669,-1.1748413083829365,1.404055016134865,1.6758989161164455,1
0.5701370823096509,-0.6062583670834656,-0.4879933162072253,0.292909864335818,0.47933797932669864,1
-0.5026452700078963,0.27932474847123356,1.183227173712846,0.05950565969523036,1.743640998225812,1
0.7765252034882488,-1.241804677843671,1.4432895536319423,-0.2128831187577206,1.237903301831988,0
-0.3766704207305887,1.1585773143282543,1.5187183527167938,1.284894670902419,-0.43376244062833824,1
1.1042489549465566,-1.438925687909454,-0.18241813553953884,0.4517877510701829,2.0145766983804574,0
0.8717958835597658,-0.7782389869138916,0.5317448831256588,0.707560239233798,0.6303865744998782,1
-0.265955289357337,0.41891089285946737,1.8438986920019504,0.8866233812149786,1.732016412528294,1
0.7146143982723976,-1.1530635759483219,0.7172835811587757,-1.0270784140079983,-0.9749624727373724,0
0.5907236214654886,-0.3645158074796009,1.366154628273648,0.9136823087831037,0.7064128296396626,1
1.6432646463273954,-1.8465245729015254,-1.1326637535596475,0.21421521084496042,0.25795170723473326,0
0.4829845997694743,-0.9518885927732685,-1.2334975839449034,-0.956684954876547,-0.43914876432617855,0
0.5963162502149666,-0.974403487182129,-1.5630894981604142,-0.09520341703843105,1.237656928440257,0
1.789768851376312,-2.004634957413902,2.441504342169468,-0.7813529541973633,-2.3998058370335578,0
1.7913175220074413,-2.387715362695014,1.970864270717799,-0.3443979014794951,0.7384419653897512,1
1.0633622465634545,-0.6596966535937215,0.33869836883918525,1.6277253340647566,1.2457946686069208,1
-0.4250448864708233,0.6728611011945386,-0.12673603578590625,0.7376009769700136,0.9783654421560609,1
0.9017851583125702,-0.9971930735632241,-0.5619462476951015,0.23803142422491586,0.3712201321502999,1
0.014755263821902892,-1.0492761058802778,-0.28026910446356673,-1.5585686786626298,1.344895252007818,0
-1.8538297486399002,2.3140503532007073,1.177544724769586,1.239649426667874,2.3624337482351905,1
0.25684834665171513,-1.1831195665683232,-0.2690165464148226,-1.2287896620511602,1.436409801568597,0
0.6299344045901195,-1.3016905709267805,1.698092906333733,-0.4068533312165833,1.9360849292255482,0
-1.0616830774908337,1.3427507737924556,0.6627258265192667,1.098702115782363,2.275247102394413,1
0.9792575068004837,-1.7243949376115377,-0.6302864440651417,-0.14478037557934065,2.7138696531268076,0
1.1367661904158834,-1.429499527227523,-0.12889918411818965,-0.9537074432299522,-1.898327662513297,0
0.4932539961640991,-0.4418444760805106,-1.0122733568370152,0.5157678243126413,0.6657550797049587,1
-1.8964509020717526,1.1760526507585305,0.8074618356124449,-2.352305791978882,-0.7829777963615959,0
0.6317030680332096,-0.9893262822727026,0.6186301201097418,-0.3225254147766601,0.5080391055574863,0
-0.31758726965017636,-0.6683464963487606,-0.65695517639841,-1.95715599319408,0.32687500073883724,0
-0.12274254477526232,0.8443503831948157,-0.3670704059816724,1.0455856128712353,-0.9530177839089371,1
1.3542366565987012,-1.7889395275004292,0.6526464071770783,0.4796375467704943,2.403670943608943,0
1.2378862702700657,-1.6700559397117338,-1.8460482504440554,-0.18656631300490112,0.7494324233327152,1
-0.2719140990461649,0.10562042656485127,1.3147798255965035,0.18902509288214697,1.5907394800593597,1
0.6317419795286492,-1.0347436397963052,-0.10648788318054717,-0.9010001449424337,-0.7630059673671099,0
1.8323111010111894,-1.5248664362088782,1.0146453864394118,1.8635767775614713,1.7260282220228675,1
-1.481138798383266,2.292631600804606,-0.5690273622751935,1.4632428818412453,0.7945959605072885,1
0.022219913018591494,0.5452047313525267,1.5452571697547433,1.058938763166441,-0.2305544760356315,1
0.4474965999814854,-1.180905129735172,1.182234028938315,-0.7571198877705918,1.4972950273418908,0
-0.6050341314991899,1.5195948234657883,-0.1946766623579972,1.6491357898279646,0.01085739036624045,1
3.283541560368819,-3.266385289280192,1.0932371075822098,0.8690449671668039,-0.5530398559625106,0
1.2620561532601369,-1.18024541133493,0.17698631145506066,0.9127040810122699,0.9025844380526162,1
2.0104123064827975,-2.424795509611788,-1.4040012963810977,0.07972480180581998,0.7085179817258298,1
-1.9086803133277326,2.4077677051559494,-0.8071399829793362,1.2220283709599624,2.158353038518739,1
0.0849296341564625,-0.7718740087153553,-0.5908170987358049,-1.2132540752917662,0.3654278685638993,0
-0.24374100946092775,-0.8438610634345459,-0.3496149900355497,-1.9065150692257287,0.9304653438436487,0
1.2517197112146248,-1.1917134318297398,-0.8333735587954348,0.8225590406603147,0.7903365881750951,1
1.0985862997558398,-0.49680730458231726,1.2083478175735631,1.9739266915821978,1.0811100959715063,1
-0.7770293738121963,0.9287210761388821,-0.8841584799437681,0.6087637637143137,1.4387855856765928,1
0.6627090656527758,-0.9661975102827548,-0.20372712804159823,-1.398947260085467,-2.6091716722757545,0
0.6312096521479271,-1.5347469522730472,-1.0676348506009778,-0.7237020542798579,2.32345632444234,0
1.398544094721454,-1.8420494655119894,0.08528423349335175,-0.13300606234738654,0.8149839644722209,1
0.5005248289205576,-1.3870679451427288,1.4014290022660747,-0.7197124037609649,2.3534369314466446,0
2.2666916661628296,-2.3167446852726887,-0.6859980417194214,1.5065435737086719,2.30745200922503,1
-0.385113464942142,-0.19900091407269827,-0.20902109965135976,-1.6458362372472801,-0.911095596538668,0
1.1339871457115225,-1.2840442812348842,-0.4759886023863676,0.5072565823171351,1.1668488184054446,0
1.8329570873101488,-2.037723022701151,1.229774224521937,0.5832940087256191,1.070824573525814,0
1.0563398615057613,-1.4432626935438668,-0.5721940702934435,-1.0655639430722428,-1.6295277682659979,0
1.9717840553069124,-2.2867897324271595,-0.5422823377626642,0.37349738328992654,0.9860059651955807,1
0.36668446286608075,-0.2646380416580414,2.444582752582506,0.3468277516792576,0.06491432890303805,1
0.17671726945132743,-0.7170315550561763,0.25216735047557565,-0.9718470066008701,0.1502274769112527,0
0.3091076334886547,-0.9870685725686438,-0.29859673760962646,-1.0009650722096746,0.6856867513969973,0
-0.40310901317173253,1.0403858739915461,-1.1956237708552124,1.3041929895112903,0.39663524299797615,1
-1.5249338984489162,0.7688737338318861,0.029102708325022607,-2.888778209343389,-2.30423692058229,0
-0.508011969014724,-0.051999793781004944,-1.7794294488516276,-1.09140124271207,0.5109066480715965,0
0.6664219230441022,-0.9101777554038026,0.2871333541229858,-0.08263016740155005,0.5080676715180338,0
0.7230494378068755,-1.5035096585210002,0.9016233760593639,-0.42754529756719384,2.3744723304232274,0
0.14812520162543805,-1.4381549121550794,0.15187760961393976,-1.6162100145717635,2.422917839528302,0
-0.45418401654338214,-0.5875237304805121,-0.797813748337336,-2.1349289697303178,0.26908549326530284,0
0.22888839981940737,-0.901215104063293,-1.9321671625260497,-0.887292868773089,1.0193447996694749,0
0.01009116857794644,0.2338971905583671,0.8089247222790114,0.6118686263293693,0.3087095082851137,1
-1.773395836101787,2.5395538446226515,0.8642436147342264,1.5150073538376103,1.4102169591064346,1
0.5104994283036327,-0.8809563850649706,-1.1788166402247968,-0.5181291443044587,0.1658713162125568,0
-1.3080370564986825,2.2452302421761248,-0.2702767610101646,1.6464735132379564,0.4697510467758572,1
-2.520967604119512,3.4599181540710044,1.5133362783557256,1.7120838202045574,1.6400871046469163,1
2.8837346317212558,-3.591834718939711,-0.8312707739523109,0.42753374314724957,2.4291789868633535,0
0.9249343904093033,-0.5437382227714519,-1.3938310438129229,1.5663976587841484,1.3186913227606882,1
0.7404616039030991,-1.181019966386438,0.4788187482130753,-1.875127525037414,-3.197404884119787,0
-1.4624054551818393,1.6578931598849045,0.1634054740224038,0.835016650408542,2.369186552158383,1
1.9213773451102454,-2.1252788434857153,-0.5540552934127837,0.6349603673231423,1.1275462463449804,1
-0.6615546150319505,1.5129877586305125,-0.24936410162594572,1.6679254813278082,0.43774167289224686,1
0.8643683961749971,-1.043860673040802,-0.7578561960058762,0.20278802623484293,0.7511300798336626,0
1.0833058849337596,-1.3726718310504764,-0.8332949582424903,-0.476700823368879,-0.6273316419847623,0
0.9273319935210436,-1.081044115398407,-0.5951034386477235,0.2635932688101994,0.7222573828256604,0
-0.7366617829008665,1.1484177143206544,1.0951604117202318,0.46756949721078744,-0.3261896271737539,1
-0.7665440804505259,0.12512097809072764,0.23538826054801248,-1.706142756598949,-0.4508958305772671,0
0.5463084065897219,-1.031774190186735,0.07587738995981268,-0.5447055450985339,0.669600017322981,0
-2.4284848894958637,3.329912201649479,0.7439016768802931,1.694375526368395,1.7136874616118063,1
1.8693509433147626,-1.9861981131490953,0.9160103197910902,0.44527728412277456,0.21974396607168,0
0.4027352686553572,-0.4492284353902545,1.1833238104431567,0.43880764711228515,1.053430206587638,1
1.9020040125926854,-2.626875863216913,1.4003997947952824,-0.5312909607112446,0.8323346118897483,1
0.2603574372388775,-1.163994885979744,-0.775034189423724,-1.1216712584090311,1.5942594480396888,0
-1.6157734049949448,1.4093376879056678,-1.702128706538388,0.3929415727417086,3.4502949833583383,1
1.4156490661191203,-1.251506532246416,-1.1687410284931263,1.2450745552396547,1.2102848145231089,1
-0.560590367399006,-0.13519618585902027,1.8065346714593336,-2.885272605038266,-3.41275909499925,0
1.2919894428058036,-1.308140462208378,-0.828397454793649,0.9392718572034755,1.460464282123959,1
-1.5380113094480419,1.93056860300493,-0.4678221828322661,0.9459778480779648,1.6885268733315384,0
-0.42005320442706123,1.3724619962684181,1.5753894740561654,1.5515241120637893,-0.5959197661475757,1
0.6089574356697067,-0.5855235119132689,-1.3121824775277826,0.57907254450561,0.881316255790948,1
1.3414821752655894,-1.5488157776480005,-0.39814201058847004,-0.07673257353988616,-0.22869214472001909,0
1.0202920226592047,-0.8684070218109916,0.2820026250168557,0.8680653344870709,0.6198549558145092,1
-0.3315400714995188,-0.7000038016683181,-2.1148662950169905,-2.0067082061117856,0.44829163952637063,0
0.3532004588932272,-1.139014449586767,-0.5038467528248772,-0.9080067945981154,1.4568095481298011,0
-1.0498945216262565,0.4445179340055818,0.3388915982185217,-2.5633423666822512,-2.6401371659256183,0
-0.24218146988416173,-0.5587633109509094,-2.185296847334906,-1.607309309105049,0.20708400823803585,0
0.3267146640580319,-0.7498603949848086,-1.6644767353332222,-1.0197103882173082,-0.7134631538244525,0
-0.3640609922161349,0.6522835382610961,0.836328719335456,0.6317888842461366,0.43987904540780054,1
0.6267205755702443,0.0398348852823478,0.3191602900919905,2.1653321104915806,1.6331379153574217,1
-0.3516568163370809,0.6689205616005154,-0.6421946525342711,0.7151506415165294,0.4947831839910596,1
0.5404965842728946,-0.9531133915149985,-0.9954036030247475,-0.8395485973584221,-0.47646082856792393,0
0.6771827373527064,-1.3526240865404469,1.2823634741156038,-0.4854900686992475,1.7110071736383934,0
0.868616916085457,-1.396405429757166,1.2102435005068763,-0.18092213938303003,1.5723469861713235,0
2.0797826386306437,-2.3588146119995623,0.9599566744337453,0.41225922487543665,0.8087653173931212,1
1.6280951787725808,-1.8150204347209564,2.2784019865292278,0.762108674674574,1.6140428010899424,1
2.5530421285927845,-2.5260700883703153,-0.791709350567595,1.729123122179854,2.246221874503423,1
1.0875405715177608,-1.0877025181056685,-0.37418027599018366,0.7402704730681233,1.0275679122610861,1
0.8876932493344148,-0.9868668753055623,1.205956017904542,0.1874376544152383,0.27070771174092745,1
-0.7682756451816829,1.216704784323886,1.7046510059281352,1.0508233159737896,1.0292005552939643,1
-0.4975796726019215,1.0227207910832452,0.33972385937475696,1.0846318889182645,0.4902456073232383,1
0.6901767221860875,-0.23026839312941993,-0.566128588607568,1.2826797244174508,0.3612589324575195,1
0.4583789193057255,-0.36672413738670984,1.2237103406692909,0.6277674625772487,0.7759378627901802,1
-0.41007198731004446,0.5281587726632975,1.621226879726228,0.7572024123281936,1.6970231404050704,1
0.36183871193085315,-0.7195469581223308,-0.7048221709979829,0.07979150053305673,1.7822293234370508,1
0.9239524154661378,-1.336769406159918,0.008828138267394708,-1.378048510996809,-2.1988072719177603,0
-0.12014941699417418,0.4751785718869257,0.12407272571949352,0.8161106788278275,0.3677025194032161,1
-1.2158240415571722,1.5989811960586409,0.3980280299618697,0.8314667068876941,1.1712509433990246,1
0.9935816662109596,-1.307852897918825,1.029882539130331,-0.4344534630548832,-0.31199895845832215,0
0.739826575629119,-0.1661563779701407,0.5956440575697195,1.7705675240382164,0.9962784629096268,1
0.20138939915135817,-0.7477411013965528,1.9511420482977946,-0.9427905312009739,0.2371500827378341,0
1.935540734833557,-2.112254223954658,1.5042142828299232,-0.2432167420946676,-1.317328407128208,0
1.2634401587278474,-1.4200266508921877,1.3791625881974978,0.43842082263940996,0.9138994506821302,1
-0.1429879776487629,0.5301189873776484,-1.1079830420429075,1.1800344225978032,1.1676682912143517,1
0.30440735388393136,-1.1343352862977811,1.2548119434691696,-0.9977128334976534,1.4946145081858453,0
1.9798121930100967,-2.1074405833234375,-0.2920085455130258,-0.504516553720304,-2.292976569151125,0
0.9434566448077041,-1.203031867878999,-0.6754811770399278,0.11130110854565656,0.8665032227105167,0
-0.5053915720481654,-0.1506201720751006,0.015227020617449225,-1.5330960523190846,-0.14018129589474793,0
0.611795064018137,-1.0310670437004497,-1.0585037209958124,-0.682212493420253,-0.09046656554012966,0
-0.0904205055898002,0.43756048872773,1.0779017394533252,0.50446262536444,-0.4285496053513267,1
1.6220290659991112,-1.7006687675198862,0.9425452284534718,0.16740864980711478,-0.4996798112535734,0
0.93023663856722,-1.2491703750823735,1.4555808184893537,-0.69524067423368,-0.9151205243304557,0
0.18135427784146363,0.05140699472280863,-0.08338014443846556,0.7046721090496297,0.46723474250090535,1
-0.2845599072976531,-0.24533285631915314,-0.2641710099153342,-1.7579171688469657,-1.5712439530976128,0
0.7797758256231709,-0.5167509338453342,1.2024777476530082,1.0153382795079862,0.621414723736224,1
1.9663776517779525,-2.0641802130426674,-2.2562499347482268,0.8210285703715382,1.0193456104990513,1
-0.7325743238342683,0.7409321756074837,1.5094576934076902,0.5902296279202937,2.1047691023084525,1
-0.14100423528584327,-0.36345374135087105,0.9994190326779112,-1.3923352732215795,-0.8703453409455932,0
-0.5261874962993333,1.3099238231347237,0.346636196565839,1.3912086743655512,-0.04174102346899655,1
2.21545293334064,-2.712238002556487,-1.2506960629882262,0.2108607964498005,1.3120092464651567,1
-0.5124178291501643,0.05708869605482292,-0.29225521544384025,-1.7353812670258022,-1.7138509731840488,0
0.09553608850565752,-0.27642132313556056,0.22035182927354544,0.20818294283323724,1.4116990248801957,1
-0.12357108791668621,0.40841038752465464,-2.5884166322041997,0.9808316098140971,1.1680981260970362,1
1.6632149459603558,-1.8409710055764616,-0.5739300079673577,-0.5170848530412412,-1.7997999289002116,0
0.9640047719121102,-1.4301728615447349,0.6546766174823133,0.07457753175216153,1.8364911615848674,0
1.0177674155988226,-1.3258078157249833,-0.561782494830015,-0.6498319577028946,-0.9265480805725728,0
1.313291729847508,-0.8407682501953575,-0.019468699077097074,2.0481566428052274,1.7737193499361386,1
-0.002079229493371228,0.605896957529269,-0.24015281230749122,1.4541305206005593,0.6296909863045473,1
0.2813147676347169,0.059317856280915904,-0.5461110027385696,0.9428187190555481,0.43988958643145293,1
0.3640924780383742,-0.38688032672921,-0.25295169922576405,0.458708773565881,1.0132146127371766,1
-0.8871031266092081,0.9032274611255764,0.7870308368716137,0.33925139467817333,1.5378949308079288,1
1.555954901810161,-1.3541956212985917,-0.8533033068263332,1.517288383609146,1.6064968065517649,1
1.6742989270884432,-1.7934347835750795,1.1418532448109715,0.9739642763779738,1.7729041542932586,1
-0.29024358133616746,0.8702319364520572,0.6764418164947713,1.047007981101872,-0.06774941982456983,1
-0.530723303482892,1.662261040458389,0.6583925119224902,1.62321128409613,-1.255831818492394,1
0.8376390815973327,-0.8976799444206633,-0.23937685150891483,0.3185304620663394,0.4491430101395175,1
1.776037987341797,-1.6578420679289683,-0.2101669077919015,1.2053653982501442,1.0479171737189652,1
0.5864956777806556,-1.233213166126983,1.7666554892914357,-0.5746363414440465,1.4033218986606517,0
0.774573548646678,0.05759783072760216,0.00946519402268165,2.416229860877789,1.2965661610125538,1
0.21962407099002948,-0.715769673898651,1.4067808557880386,-1.204296651835318,-0.7232653422536267,0
-0.42249671608149253,-0.9495274205050679,-1.8259842416276302,-2.2041923791070612,1.7934357281757904,0
-0.3994599745310624,0.03984341402353153,1.1606990035971831,-1.5341338740963435,-1.7845176117199144,0
0.9377017815964875,-1.2800234052081467,0.3788105294965933,-0.4471278277030183,-0.15157391240711127,0
-1.77149689020726,2.202512402276152,1.1645834712019478,1.1356919273901063,2.1759047771824847,1
-1.592736165033437,1.6279032675903229,-1.0359109850124564,0.834289589847798,3.315967755019154,1
1.0471670916059284,-1.082533935202035,1.1029277327426599,0.5916266190733401,0.8579456026631592,1
1.583892907572799,-1.9107989937856757,1.2411473438787268,0.14020765157266268,0.7623679033664622,1
-0.4269021782338313,1.5399326631533092,-0.8979876415443887,1.804632677682839,-0.7719307107297484,1
-0.4496378949998627,0.383769281238026,2.414217312238733,0.5696197510357813,2.2048411512012533,1
0.5271947281196622,-1.234894115766931,-0.3775546564089599,-0.66412016399496,1.538856170925695,0
0.7570911474629457,-1.0816121097360651,1.3798386997400571,-0.008098743080953152,1.050422148088957,0
0.33198900853854374,-0.7715891888539803,0.42321237445701776,-1.19821428268846,-1.097202549573774,0
0.1628342976999568,0.5367763495872528,0.02925147970187543,1.1069377863371483,-0.9151156805190894,1
-0.397405742500551,-0.9874535333688094,-0.7150218680302427,-2.312391735963523,1.5576292428556147,0
0.759682361416263,-1.1071804882018421,-0.6053929239275391,-1.041566644592806,-1.5269428451618658,0
-0.10552765416285345,0.6775858951606228,0.5068774563905613,1.134326760654311,0.04800418890321745,1
-0.35336680917144525,-0.23549746653354542,-0.2278879815506622,-1.9931124428964744,-1.8184104810546242,0
-0.4404842920626818,-0.8622260347221455,-1.137687456550734,-2.307601439455537,1.1753540662325708,0
0.5438160854216051,-1.2129865287689163,-1.733826354483668,-0.6454098979559886,1.3718903580449604,0
2.0662817531241653,-2.2162661263068477,-0.10735479071401643,0.08157082856136788,-0.7189659924678521,0
1.2956759450955402,-0.8153060213349974,-0.14311573696377775,0.7775382892977305,-1.5669795377122009,1
-1.5970450981925153,0.957777197455272,-0.6119221214117702,-3.088039078287111,-3.3761949975661265,0
-1.2491817648178993,2.117463439886833,0.48500129152322796,1.5274468777511387,0.4715571257744493,1
0.1500440474261368,-0.6983597787761864,0.6084077537992262,-0.9971742913232994,0.14828046951143814,0
-1.5409679767585736,2.053544267795771,0.15964776940790298,1.141991833041459,1.5731768575619143,1
1.7674139662705044,-2.054231298838764,-0.9281426382790505,-0.3472317547134016,-0.8717470414077104,0
0.5535819049318225,-1.0070868651110874,-1.3854282681144907,-0.7179817046371483,0.044065013026687305,0
0.7647837917700281,-1.0956788631973133,-0.6302185531976071,-0.15086661728938977,0.7050480165017294,0
1.2308035433076667,-1.0040646184570563,-0.5382361859911543,1.2062926664437645,0.9347061153487174,1
-0.01684768966665168,0.427515985756463,0.559577061510467,0.6604008410281197,-0.415960055185403,1
1.1101823894524379,-1.4375769166355008,0.5533635687726227,-0.07396759853953938,0.6001200782433593,0
0.1013565815324685,-0.5736018048909401,0.06416712562467415,-1.0525032160807277,-0.3542832654876039,0
0.11881498435910803,-0.05150251239886616,-1.6698676666737307,0.6611494733083567,1.2729088460940825,1
1.7838120425695991,-1.7159615362568295,-1.632602745687323,1.1240102274802193,1.0931373524132546,1
1.0788989435679823,-1.9933223886220441,-2.2481428867921633,-0.3173554082596618,3.0682080861936205,0
-0.03002148188216949,-1.1945650500207203,0.51651728439791,-1.7593886913348178,1.8545450050141552,0
0.25464590020257744,-0.8927597372356199,0.6052237010182555,-0.9017246864180154,0.780959959488987,0
0.15689757037914712,-0.16151212683224636,-0.5219067501050294,0.4362200028221651,1.0315592847510935,1
1.1870520596877405,-1.3170673339265813,-1.069960156592582,0.6184453071929544,1.3077008320257835,1
0.720049678607182,-0.48591289304216767,-0.8135303493662359,0.8612765355416201,0.4206406417038774,1
2.233620138951334,-2.3436822391421313,-0.40863591253667014,0.3890276002403974,-0.26538698888598444,0
0.21092491373897435,-0.8160358288407166,-0.37670042990356545,-0.9235961215966593,0.587275334024754,0
-0.6633140243061266,0.5087946516868243,-0.6741905603382268,0.4430434906317531,2.516997330019575,1
0.8711693127018301,-1.1884376037521998,0.1989496964833095,-0.5050802733713968,-0.37873742348240025,0
0.5866190951401982,-0.8020099745791215,0.6283820360376229,-0.1753862437297694,0.18379899607769123,0
0.770018998416945,-1.4182310442199235,-1.0692868554188253,-0.3635238774429631,1.8092322005386592,0
0.8066064212827877,-1.3668657146002265,-0.45310586798071245,-0.24596189871342378,1.624451185711591,0
0.2755204939680167,0.17068584344562077,-0.5496045846648339,0.7918475036791454,-0.5024449189944258,1
0.2336757008788622,-1.1934238311086753,-0.3770441691342582,-1.280028635018241,1.4974957088430736,0
-1.3258864089484175,1.439694028120728,0.27899179474847396,0.7998538387581018,2.5920969708636257,1
0.30973542531819914,0.058185797603308886,0.3450753769458505,1.027447390484714,0.4939686897381125,1
-0.23271073920668953,-0.6494712091585226,-0.8404709356859309,-1.6612831325773914,0.4842332738938204,0
0.8922927598109023,-0.7008213599507878,0.13227279049742133,0.7628979147462889,0.2444656040080968,1
-0.29673435228588296,-0.2937056170493443,0.3443557692879563,-1.5415666646863744,-0.6794455078356862,0
-0.6610817457481556,0.05242189593745605,0.8965886542360184,-2.3879637520641896,-2.4887323669506163,0
1.4166628482939048,-0.3165494081297586,-0.4702435923032813,1.6010872009180885,-2.767856588251071,1
2.7566569446853677,-3.503220698239111,2.6450367904151584,-0.09953421030229448,1.3616597362814313,1
-0.9715196653150052,1.351463310682981,1.2916352267604467,0.9540926137314772,1.3048347798610702,1
1.0319436098801753,-1.3535166889291965,0.1494194735091969,-0.7975227968418285,-1.2526316156232238,0
1.3178193795561268,-1.0391006995253174,1.1414643179722508,1.381119800196129,1.0459201622564422,1
1.6362909042591451,-2.0609202344777344,0.15725843678529833,-0.08398261630889436,0.6462560290147341,1
0.19820384972633878,0.3179906136134296,1.0080040042932596,1.0015135203810237,-0.25812638033133983,1
1.7308977720279317,-1.9676170681706557,-0.45379248516408377,0.28234041435942725,0.5381669085729284,0
0.5113283657192924,-1.2102281758481856,-2.3702524800658122,-0.6396776480143089,1.5696787603329034,0
0.5913868183962533,0.1734947422195927,-0.08725601318294572,1.3169394919876454,-1.0657684214625989,1
0.22977127349565737,-0.7016117006657203,-0.36391939348963653,-1.3372372930868524,-1.2058531801403345,0
1.3686945105227724,-1.1787458381328038,-1.6376049174566718,1.274313627599318,1.1903246509844905,1
0.3846316244908563,0.13913760055307134,1.4394457151531361,1.3070289161719506,0.34406811267062576,1
-0.021126526533676887,-0.9466886459710477,1.1650321048394572,-1.5514073986821448,1.043767306718822,0
0.6190917396640505,-0.8435525407039626,0.7613055634094525,-0.31279350067535194,-0.15406436216820563,0
1.5518513680263264,-1.4593113016562702,-0.5925095652129303,1.2434612167024568,1.4681453616224998,1
0.8599092986918379,-1.236489478558605,0.3778292212221578,-1.0243682523690423,-1.4129766562373884,0
0.8893122654224113,-1.2003763926806588,-0.17194793491127605,-0.005332675701751111,0.877176138998621,0
1.5231972275303036,-1.9134916133635143,0.7404071223772372,-0.8325414289938458,-1.3921898610231676,0
1.8707091059874499,-2.051683558888011,0.43374922088634593,-0.6419757957214007,-2.2811975473319137,0
-0.9202700466703456,0.7243946066711349,-1.8767187306827366,0.36537961401358254,2.7448206240057846,1
-1.096364924706399,1.7242885727112798,0.6181091025405885,1.3931595791769986,1.2540790223333032,1
-0.8095348475503047,1.1436870365391165,-0.1165103783469821,0.7518211332443887,0.8825847317935626,1
0.957841778441975,-1.239604019949104,-1.156978475142292,0.01812473167615214,0.7278006030767965,0
1.1418290023820339,-1.8546203241461794,1.346669723754866,-0.031602917452642654,2.7043739323914,0
0.3028515186366901,0.4642931265235052,-0.38040725741084613,1.227663973945769,-1.0706081727966228,1
1.635912978618563,-1.6624866661660875,0.2954272865648849,1.124818391388212,1.7131321205192522,0
-0.5278826498323469,1.426524442140016,1.1470613778404304,1.6501106892556012,0.03269678480295202,1
0.6463065973188746,-1.26107621725418,-0.2795683042665431,-0.39092355259525746,1.665328014907134,0
0.0633264685307179,-0.2735907179983076,-0.5895673839924012,-0.496274280452085,-0.2450027382477249,1
1.246258147812609,-1.699288462946443,2.765979614439267,0.39415030288300335,2.3665256008445166,0
-0.326793632638073,1.0469203349351188,-0.0001191485590934855,1.5712426283394594,0.5954880741831102,1
-0.5775123478510804,-0.31489581543060663,-0.5199750884075218,-2.111200569331279,-0.34904494517004814,0
0.49452007372197476,-0.5990806914929816,-0.8595000398001769,-0.29935896067577183,-0.6439137467994023,0
1.4888323421503344,-1.6318206773399226,0.3171469847104752,0.5622960396861405,0.9783466712729615,1
-0.47284754046319777,0.9388667074854419,0.5205530577324272,1.1309703751430027,0.9004391601408809,1
0.27458025488418725,-0.740773322984859,-1.0463548733703751,-1.2449824386662525,-1.0320744860309763,0
2.6635560397091353,-2.8081735758346063,0.7754237330893744,0.3668012204709272,-0.49968078531252325,0
-1.1478503803662314,0.40835351777724416,-0.629352099686685,-2.0821112695449244,-0.6004858337547494,0
-0.4978894305164665,1.2169290190870448,0.502714891773257,1.1959625300932304,-0.2354290425655412,1
1.2039286447067212,-1.5561355489331157,-1.1377379958113922,-0.3128348431263912,0.029185889805466436,0
0.13863082786391287,-0.5069192479384891,0.3314852620217588,-1.0098240274020092,-0.8188412542930716,0
-0.7834912304258956,1.1177366252034657,1.4580252755643248,1.1516572454393084,1.9033563612737994,1
0.6201401946369492,-0.18020335133291865,-1.216325832795099,1.4303095834316666,0.9092374013228519,1
1.7337671839143847,-1.958676697052748,0.5794189828989692,-0.40147768297318887,-1.309756624117754,0
2.431901357692683,-2.589163106004915,-0.5593299381372452,1.252535357409749,2.0694928035147395,1
1.8974843549739222,-1.6748134936664374,0.05178385119895345,1.7707750365796429,1.8741277598564157,1
1.4879091344650095,-1.7881105566927988,1.3414319753737025,0.38371187726023614,1.3373387527261027,0
0.8389594483345632,-1.3657621025919098,0.7800702973910638,-0.18609097130946128,1.5783542528650134,0
-1.189589159146814,1.9745916826929721,0.2635467405781687,0.8826369735499812,-0.823368297463615,1
2.085315942288766,-2.351794028564634,0.5469610954632903,0.6126464580155633,1.2610436450305156,1
-0.022791874542246144,0.3201988522704353,0.29760494279712235,0.8470611159793889,0.6695178687668135,1
-1.2502007365896892,1.7807850396380198,-0.503504161887299,1.2534330089163297,1.5277255710242623,1
0.9956034577632777,-1.0560761322249181,0.443523738462415,0.41643024378734816,0.5754339680625843,1
0.3167091634759262,-1.6916714499501064,1.5351487200075487,-1.362538559877212,3.3895987356398942,0
-0.6223326118204314,0.5910566969803075,0.7847815840141892,0.6291139080573775,2.322280484352625,1
-1.3671710218364228,2.18734532725714,1.0668700883760402,1.5284551809758549,0.8244370959666111,1
1.1916236646475988,-1.4962822494371866,-0.22565670321806863,0.3984285419624598,1.6454146355260373,0
0.1980893350481917,0.2566473346225181,0.8802850789837808,0.9303642847353493,-0.1214814192253384,1
0.2629548149473725,-0.1930827525461044,-1.5272956904278092,0.2201331435217223,-0.010667886816805527,1
-0.2123697936390404,-0.5597255829417515,-0.08152282681934891,-1.6057889063402397,0.035050220017894596,0
0.4693741307812773,0.20205497372396064,1.939988391476335,1.2293078544134977,-0.7030705236475749,1
0.1957743776005728,-1.1234304267806297,-1.0372657409627284,-1.218709006512707,1.520738281234192,0
-1.3124743119716107,2.1454562288858385,0.3593025800857549,1.3311994028231844,0.19731971265245962,1
0.4811168006809751,0.8252607537917159,-0.6528084841698033,1.9817639492902615,-2.0782553194029143,1
0.07570674398736002,0.1328585182302826,-0.49435433785671684,0.4949532093114871,0.13487201259773784,1
0.10757102525236242,-1.201997369553657,1.2126082374204565,-1.4209914820500127,1.9405745391875144,0
1.2284541110952671,-1.659567047823653,0.8280660763723794,-0.35898691170011676,0.3020020663117542,0
1.1867172951171145,-1.724511925505139,-0.4691413650790981,0.25061433973558844,2.4859282866055548,0
-0.07207613659835715,0.2761451807443286,0.8618168032188236,0.7432362772018415,0.9289126150916149,1
0.6783089919796077,-1.6711631775114264,1.6263804056686328,-0.7738705523951624,2.621597285621645,0
-0.8791840626413662,1.2224630063533486,-0.14428794263673994,1.2359235520118637,2.155360516281585,1
-0.9332354401740245,1.9194875274172518,0.4879054450741863,1.6791972353951459,-0.013641498807191788,1
0.947739461985672,-0.6678304063307825,1.4903794701929813,1.3419381756498816,1.2451604267957814,1
0.7374324044471966,-1.084443358380211,-0.4262685566764252,-0.5129853402012301,-0.13227313130162233,0
